Year;Country;Genre;ISCED11;Percentage
2005;BE;M;ED0-2;36.7
2005;BE;M;ED3_4;37.6
2005;BE;M;ED5_8;25.7
2005;BE;F;ED0-2;35.9
2005;BE;F;ED3_4;35.4
2005;BE;F;ED5_8;28.7
2005;BG;M;ED0-2;34.1
2005;BG;M;ED3_4;52.1
2005;BG;M;ED5_8;13.9
2005;BG;F;ED0-2;32.7
2005;BG;F;ED3_4;45.6
2005;BG;F;ED5_8;21.7
2005;CZ;M;ED0-2;14
2005;CZ;M;ED3_4;74
2005;CZ;M;ED5_8;12
2005;CZ;F;ED0-2;19.7
2005;CZ;F;ED3_4;70.3
2005;CZ;F;ED5_8;10
2005;DK;M;ED0-2;25.1
2005;DK;M;ED3_4;48.6
2005;DK;M;ED5_8;26.3
2005;DK;F;ED0-2;26.3
2005;DK;F;ED3_4;42.9
2005;DK;F;ED5_8;30.8
2005;DE;M;ED0-2;22.3
2005;DE;M;ED3_4;53.8
2005;DE;M;ED5_8;23.9
2005;DE;F;ED0-2;27.3
2005;DE;F;ED3_4;55.5
2005;DE;F;ED5_8;17.2
2005;EE;M;ED0-2;22.9
2005;EE;M;ED3_4;55.1
2005;EE;M;ED5_8;22
2005;EE;F;ED0-2;17.2
2005;EE;F;ED3_4;49.9
2005;EE;F;ED5_8;32.9
2005;IE;M;ED0-2;39.9
2005;IE;M;ED3_4;36.3
2005;IE;M;ED5_8;23.7
2005;IE;F;ED0-2;34.1
2005;IE;F;ED3_4;38.2
2005;IE;F;ED5_8;27.6
2005;EL;M;ED0-2;40
2005;EL;M;ED3_4;42.1
2005;EL;M;ED5_8;17.9
2005;EL;F;ED0-2;40.1
2005;EL;F;ED3_4;42.6
2005;EL;F;ED5_8;17.3
2005;ES;M;ED0-2;52.8
2005;ES;M;ED3_4;22
2005;ES;M;ED5_8;25.3
2005;ES;F;ED0-2;50.6
2005;ES;F;ED3_4;22.6
2005;ES;F;ED5_8;26.9
2005;FR;M;ED0-2;34.5
2005;FR;M;ED3_4;43.5
2005;FR;M;ED5_8;22.1
2005;FR;F;ED0-2;36.6
2005;FR;F;ED3_4;38.7
2005;FR;F;ED5_8;24.7
2005;HR;M;ED0-2;23.9
2005;HR;M;ED3_4;63.1
2005;HR;M;ED5_8;13
2005;HR;F;ED0-2;34.5
2005;HR;F;ED3_4;51.7
2005;HR;F;ED5_8;13.8
2005;IT;M;ED0-2;51.3
2005;IT;M;ED3_4;38.6
2005;IT;M;ED5_8;10.1
2005;IT;F;ED0-2;49.9
2005;IT;F;ED3_4;38.7
2005;IT;F;ED5_8;11.4
2005;CY;M;ED0-2;35.8
2005;CY;M;ED3_4;39.1
2005;CY;M;ED5_8;25.1
2005;CY;F;ED0-2;36.6
2005;CY;F;ED3_4;37.1
2005;CY;F;ED5_8;26.3
2005;LV;M;ED0-2;28.5
2005;LV;M;ED3_4;58.3
2005;LV;M;ED5_8;13.2
2005;LV;F;ED0-2;21
2005;LV;F;ED3_4;58.7
2005;LV;F;ED5_8;20.3
2005;LT;M;ED0-2;22.8
2005;LT;M;ED3_4;58.3
2005;LT;M;ED5_8;18.9
2005;LT;F;ED0-2;18.9
2005;LT;F;ED3_4;55.6
2005;LT;F;ED5_8;25.6
2005;LU;M;ED0-2;35.7
2005;LU;M;ED3_4;39.6
2005;LU;M;ED5_8;24.7
2005;LU;F;ED0-2;41.7
2005;LU;F;ED3_4;37
2005;LU;F;ED5_8;21.3
2005;HU;M;ED0-2;25.9
2005;HU;M;ED3_4;60.9
2005;HU;M;ED5_8;13.2
2005;HU;F;ED0-2;31.1
2005;HU;F;ED3_4;53.2
2005;HU;F;ED5_8;15.8
2005;MT;M;ED0-2;65.3
2005;MT;M;ED3_4;23.6
2005;MT;M;ED5_8;11.1
2005;MT;F;ED0-2;72.5
2005;MT;F;ED3_4;17.8
2005;MT;F;ED5_8;9.6
2005;NL;M;ED0-2;32.3
2005;NL;M;ED3_4;41.6
2005;NL;M;ED5_8;26.1
2005;NL;F;ED0-2;36.8
2005;NL;F;ED3_4;40.4
2005;NL;F;ED5_8;22.8
2005;AT;M;ED0-2;20.7
2005;AT;M;ED3_4;62.1
2005;AT;M;ED5_8;17.2
2005;AT;F;ED0-2;28.2
2005;AT;F;ED3_4;58.9
2005;AT;F;ED5_8;12.9
2005;PL;M;ED0-2;21.7
2005;PL;M;ED3_4;66.4
2005;PL;M;ED5_8;12
2005;PL;F;ED0-2;22
2005;PL;F;ED3_4;62.2
2005;PL;F;ED5_8;15.8
2005;PT;M;ED0-2;75.6
2005;PT;M;ED3_4;15.6
2005;PT;M;ED5_8;8.8
2005;PT;F;ED0-2;69.8
2005;PT;F;ED3_4;16.9
2005;PT;F;ED5_8;13.3
2005;RO;M;ED0-2;29.4
2005;RO;M;ED3_4;61.3
2005;RO;M;ED5_8;9.3
2005;RO;F;ED0-2;37.2
2005;RO;F;ED3_4;53.9
2005;RO;F;ED5_8;8.9
2005;SI;M;ED0-2;22.1
2005;SI;M;ED3_4;63.5
2005;SI;M;ED5_8;14.4
2005;SI;F;ED0-2;25.9
2005;SI;F;ED3_4;55.1
2005;SI;F;ED5_8;19
2005;SK;M;ED0-2;17.8
2005;SK;M;ED3_4;70.6
2005;SK;M;ED5_8;11.6
2005;SK;F;ED0-2;22.1
2005;SK;F;ED3_4;66.7
2005;SK;F;ED5_8;11.1
2005;FI;M;ED0-2;29.2
2005;FI;M;ED3_4;46.2
2005;FI;M;ED5_8;24.6
2005;FI;F;ED0-2;24.7
2005;FI;F;ED3_4;42.7
2005;FI;F;ED5_8;32.6
2005;SE;M;ED0-2;23.2
2005;SE;M;ED3_4;55.4
2005;SE;M;ED5_8;21.4
2005;SE;F;ED0-2;19.4
2005;SE;F;ED3_4;50.8
2005;SE;F;ED5_8;29.8
2006;BE;M;ED0-2;36.4
2006;BE;M;ED3_4;37.3
2006;BE;M;ED5_8;26.4
2006;BE;F;ED0-2;35
2006;BE;F;ED3_4;35.6
2006;BE;F;ED5_8;29.4
2006;BG;M;ED0-2;31
2006;BG;M;ED3_4;54.9
2006;BG;M;ED5_8;14.1
2006;BG;F;ED0-2;30.2
2006;BG;F;ED3_4;47.7
2006;BG;F;ED5_8;22.1
2006;CZ;M;ED0-2;13.7
2006;CZ;M;ED3_4;74
2006;CZ;M;ED5_8;12.3
2006;CZ;F;ED0-2;19.1
2006;CZ;F;ED3_4;70.4
2006;CZ;F;ED5_8;10.5
2006;DK;M;ED0-2;24.4
2006;DK;M;ED3_4;48.3
2006;DK;M;ED5_8;27.3
2006;DK;F;ED0-2;26.4
2006;DK;F;ED3_4;42.3
2006;DK;F;ED5_8;31.3
2006;DE;M;ED0-2;22.3
2006;DE;M;ED3_4;54.7
2006;DE;M;ED5_8;23
2006;DE;F;ED0-2;26.9
2006;DE;F;ED3_4;56
2006;DE;F;ED5_8;17.1
2006;EE;M;ED0-2;24.3
2006;EE;M;ED3_4;54.2
2006;EE;M;ED5_8;21.6
2006;EE;F;ED0-2;17.1
2006;EE;F;ED3_4;50
2006;EE;F;ED5_8;32.9
2006;IE;M;ED0-2;38.6
2006;IE;M;ED3_4;36.5
2006;IE;M;ED5_8;24.9
2006;IE;F;ED0-2;32.4
2006;IE;F;ED3_4;37.5
2006;IE;F;ED5_8;30.1
2006;EL;M;ED0-2;42.7
2006;EL;M;ED3_4;38.3
2006;EL;M;ED5_8;18.9
2006;EL;F;ED0-2;40.1
2006;EL;F;ED3_4;41.5
2006;EL;F;ED5_8;18.4
2006;ES;M;ED0-2;52.2
2006;ES;M;ED3_4;22.3
2006;ES;M;ED5_8;25.4
2006;ES;F;ED0-2;49.5
2006;ES;F;ED3_4;23.2
2006;ES;F;ED5_8;27.3
2006;FR;M;ED0-2;34.1
2006;FR;M;ED3_4;43.4
2006;FR;M;ED5_8;22.5
2006;FR;F;ED0-2;35.8
2006;FR;F;ED3_4;38.8
2006;FR;F;ED5_8;25.4
2006;HR;M;ED0-2;23.9
2006;HR;M;ED3_4;63.6
2006;HR;M;ED5_8;12.5
2006;HR;F;ED0-2;32.5
2006;HR;F;ED3_4;52.9
2006;HR;F;ED5_8;14.6
2006;IT;M;ED0-2;50.4
2006;IT;M;ED3_4;39.1
2006;IT;M;ED5_8;10.5
2006;IT;F;ED0-2;48.7
2006;IT;F;ED3_4;39
2006;IT;F;ED5_8;12.3
2006;CY;M;ED0-2;33.6
2006;CY;M;ED3_4;40.3
2006;CY;M;ED5_8;26
2006;CY;F;ED0-2;33.5
2006;CY;F;ED3_4;37.4
2006;CY;F;ED5_8;29.1
2006;LV;M;ED0-2;29.1
2006;LV;M;ED3_4;57.7
2006;LV;M;ED5_8;13.2
2006;LV;F;ED0-2;20.5
2006;LV;F;ED3_4;58.2
2006;LV;F;ED5_8;21.3
2006;LT;M;ED0-2;22.8
2006;LT;M;ED3_4;59
2006;LT;M;ED5_8;18.2
2006;LT;F;ED0-2;18.6
2006;LT;F;ED3_4;55.8
2006;LT;F;ED5_8;25.5
2006;LU;M;ED0-2;37.1
2006;LU;M;ED3_4;41.2
2006;LU;M;ED5_8;21.7
2006;LU;F;ED0-2;41.4
2006;LU;F;ED3_4;39.2
2006;LU;F;ED5_8;19.4
2006;HU;M;ED0-2;24.7
2006;HU;M;ED3_4;61.7
2006;HU;M;ED5_8;13.6
2006;HU;F;ED0-2;29.7
2006;HU;F;ED3_4;53.9
2006;HU;F;ED5_8;16.4
2006;MT;M;ED0-2;64.1
2006;MT;M;ED3_4;25.2
2006;MT;M;ED5_8;10.7
2006;MT;F;ED0-2;70.9
2006;MT;F;ED3_4;17.6
2006;MT;F;ED5_8;11.5
2006;NL;M;ED0-2;32.3
2006;NL;M;ED3_4;41.7
2006;NL;M;ED5_8;25.9
2006;NL;F;ED0-2;35
2006;NL;F;ED3_4;41.2
2006;NL;F;ED5_8;23.7
2006;AT;M;ED0-2;20.3
2006;AT;M;ED3_4;62.8
2006;AT;M;ED5_8;16.9
2006;AT;F;ED0-2;29.6
2006;AT;F;ED3_4;57.8
2006;AT;F;ED5_8;12.6
2006;PL;M;ED0-2;21
2006;PL;M;ED3_4;66.2
2006;PL;M;ED5_8;12.7
2006;PL;F;ED0-2;20.9
2006;PL;F;ED3_4;62.1
2006;PL;F;ED5_8;17
2006;PT;M;ED0-2;74.7
2006;PT;M;ED3_4;15.9
2006;PT;M;ED5_8;9.4
2006;PT;F;ED0-2;68.8
2006;PT;F;ED3_4;17.4
2006;PT;F;ED5_8;13.8
2006;RO;M;ED0-2;28.2
2006;RO;M;ED3_4;62.1
2006;RO;M;ED5_8;9.7
2006;RO;F;ED0-2;35.9
2006;RO;F;ED3_4;54.7
2006;RO;F;ED5_8;9.4
2006;SI;M;ED0-2;21.2
2006;SI;M;ED3_4;63.7
2006;SI;M;ED5_8;15.1
2006;SI;F;ED0-2;24.6
2006;SI;F;ED3_4;54.9
2006;SI;F;ED5_8;20.5
2006;SK;M;ED0-2;16.7
2006;SK;M;ED3_4;71.1
2006;SK;M;ED5_8;12.2
2006;SK;F;ED0-2;21
2006;SK;F;ED3_4;67.4
2006;SK;F;ED5_8;11.6
2006;FI;M;ED0-2;28.5
2006;FI;M;ED3_4;46.8
2006;FI;M;ED5_8;24.7
2006;FI;F;ED0-2;23.9
2006;FI;F;ED3_4;42.7
2006;FI;F;ED5_8;33.3
2006;SE;M;ED0-2;27.1
2006;SE;M;ED3_4;50.9
2006;SE;M;ED5_8;22
2006;SE;F;ED0-2;26.6
2006;SE;F;ED3_4;43.4
2006;SE;F;ED5_8;29.9
2007;BE;M;ED0-2;35.2
2007;BE;M;ED3_4;38.5
2007;BE;M;ED5_8;26.4
2007;BE;F;ED0-2;34.4
2007;BE;F;ED3_4;35.8
2007;BE;F;ED5_8;29.9
2007;BG;M;ED0-2;29.1
2007;BG;M;ED3_4;56.3
2007;BG;M;ED5_8;14.6
2007;BG;F;ED0-2;28.2
2007;BG;F;ED3_4;49.3
2007;BG;F;ED5_8;22.4
2007;CZ;M;ED0-2;13.6
2007;CZ;M;ED3_4;74
2007;CZ;M;ED5_8;12.4
2007;CZ;F;ED0-2;18.8
2007;CZ;F;ED3_4;70.4
2007;CZ;F;ED5_8;10.9
2007;DK;M;ED0-2;32.1
2007;DK;M;ED3_4;44.2
2007;DK;M;ED5_8;23.8
2007;DK;F;ED0-2;32.6
2007;DK;F;ED3_4;39.2
2007;DK;F;ED5_8;28.3
2007;DE;M;ED0-2;21.5
2007;DE;M;ED3_4;55.4
2007;DE;M;ED5_8;23.1
2007;DE;F;ED0-2;25.5
2007;DE;F;ED3_4;56.9
2007;DE;F;ED5_8;17.6
2007;EE;M;ED0-2;23.3
2007;EE;M;ED3_4;55.6
2007;EE;M;ED5_8;21.1
2007;EE;F;ED0-2;16.9
2007;EE;F;ED3_4;49.5
2007;EE;F;ED5_8;33.6
2007;IE;M;ED0-2;35.9
2007;IE;M;ED3_4;36.5
2007;IE;M;ED5_8;27.6
2007;IE;F;ED0-2;30.3
2007;IE;F;ED3_4;37
2007;IE;F;ED5_8;32.7
2007;EL;M;ED0-2;42.2
2007;EL;M;ED3_4;38.4
2007;EL;M;ED5_8;19.5
2007;EL;F;ED0-2;39.4
2007;EL;F;ED3_4;41.8
2007;EL;F;ED5_8;18.8
2007;ES;M;ED0-2;51.2
2007;ES;M;ED3_4;23
2007;ES;M;ED5_8;25.8
2007;ES;F;ED0-2;49
2007;ES;F;ED3_4;23.2
2007;ES;F;ED5_8;27.8
2007;FR;M;ED0-2;33.2
2007;FR;M;ED3_4;43.9
2007;FR;M;ED5_8;22.9
2007;FR;F;ED0-2;34.7
2007;FR;F;ED3_4;39.5
2007;FR;F;ED5_8;25.8
2007;HR;M;ED0-2;22.7
2007;HR;M;ED3_4;64.5
2007;HR;M;ED5_8;12.8
2007;HR;F;ED0-2;30.6
2007;HR;F;ED3_4;55.4
2007;HR;F;ED5_8;14
2007;IT;M;ED0-2;49.7
2007;IT;M;ED3_4;39.4
2007;IT;M;ED5_8;10.9
2007;IT;F;ED0-2;47.7
2007;IT;F;ED3_4;39.2
2007;IT;F;ED5_8;13.2
2007;CY;M;ED0-2;31.3
2007;CY;M;ED3_4;40.8
2007;CY;M;ED5_8;27.9
2007;CY;F;ED0-2;31
2007;CY;F;ED3_4;37.6
2007;CY;F;ED5_8;31.5
2007;LV;M;ED0-2;28
2007;LV;M;ED3_4;57.5
2007;LV;M;ED5_8;14.4
2007;LV;F;ED0-2;20.3
2007;LV;F;ED3_4;57.4
2007;LV;F;ED5_8;22.3
2007;LT;M;ED0-2;22.1
2007;LT;M;ED3_4;58.3
2007;LT;M;ED5_8;19.7
2007;LT;F;ED0-2;17.8
2007;LT;F;ED3_4;54.7
2007;LT;F;ED5_8;27.5
2007;LU;M;ED0-2;36.5
2007;LU;M;ED3_4;39.9
2007;LU;M;ED5_8;23.6
2007;LU;F;ED0-2;40.9
2007;LU;F;ED3_4;37.3
2007;LU;F;ED5_8;21.8
2007;HU;M;ED0-2;23.8
2007;HU;M;ED3_4;62.4
2007;HU;M;ED5_8;13.8
2007;HU;F;ED0-2;28.7
2007;HU;F;ED3_4;54.4
2007;HU;F;ED5_8;16.9
2007;MT;M;ED0-2;64.4
2007;MT;M;ED3_4;23.6
2007;MT;M;ED5_8;12
2007;MT;F;ED0-2;70.2
2007;MT;F;ED3_4;18.3
2007;MT;F;ED5_8;11.4
2007;NL;M;ED0-2;31.6
2007;NL;M;ED3_4;41.8
2007;NL;M;ED5_8;26.6
2007;NL;F;ED0-2;34.1
2007;NL;F;ED3_4;41.6
2007;NL;F;ED5_8;24.3
2007;AT;M;ED0-2;20.8
2007;AT;M;ED3_4;62.5
2007;AT;M;ED5_8;16.8
2007;AT;F;ED0-2;30
2007;AT;F;ED3_4;57.6
2007;AT;F;ED5_8;12.4
2007;PL;M;ED0-2;20.6
2007;PL;M;ED3_4;66.3
2007;PL;M;ED5_8;13.1
2007;PL;F;ED0-2;20.2
2007;PL;F;ED3_4;61.6
2007;PL;F;ED5_8;18.1
2007;PT;M;ED0-2;74.5
2007;PT;M;ED3_4;16.1
2007;PT;M;ED5_8;9.4
2007;PT;F;ED0-2;68.5
2007;PT;F;ED3_4;17.1
2007;PT;F;ED5_8;14.4
2007;RO;M;ED0-2;27
2007;RO;M;ED3_4;62.9
2007;RO;M;ED5_8;10
2007;RO;F;ED0-2;34.8
2007;RO;F;ED3_4;55.4
2007;RO;F;ED5_8;9.8
2007;SI;M;ED0-2;20.5
2007;SI;M;ED3_4;64.1
2007;SI;M;ED5_8;15.5
2007;SI;F;ED0-2;24
2007;SI;F;ED3_4;54.4
2007;SI;F;ED5_8;21.6
2007;SK;M;ED0-2;16.7
2007;SK;M;ED3_4;71.8
2007;SK;M;ED5_8;11.5
2007;SK;F;ED0-2;20.1
2007;SK;F;ED3_4;67.6
2007;SK;F;ED5_8;12.3
2007;FI;M;ED0-2;27.7
2007;FI;M;ED3_4;46.6
2007;FI;M;ED5_8;25.6
2007;FI;F;ED0-2;23
2007;FI;F;ED3_4;42.5
2007;FI;F;ED5_8;34.4
2007;SE;M;ED0-2;26.7
2007;SE;M;ED3_4;50.8
2007;SE;M;ED5_8;22.5
2007;SE;F;ED0-2;26.4
2007;SE;F;ED3_4;43.2
2007;SE;F;ED5_8;30.4
2008;BE;M;ED0-2;34.1
2008;BE;M;ED3_4;39.3
2008;BE;M;ED5_8;26.6
2008;BE;F;ED0-2;33
2008;BE;F;ED3_4;36.7
2008;BE;F;ED5_8;30.3
2008;BG;M;ED0-2;28.7
2008;BG;M;ED3_4;56.3
2008;BG;M;ED5_8;15
2008;BG;F;ED0-2;28
2008;BG;F;ED3_4;49.3
2008;BG;F;ED5_8;22.7
2008;CZ;M;ED0-2;13.4
2008;CZ;M;ED3_4;73.8
2008;CZ;M;ED5_8;12.9
2008;CZ;F;ED0-2;18.4
2008;CZ;F;ED3_4;69.7
2008;CZ;F;ED5_8;12
2008;DK;M;ED0-2;32.8
2008;DK;M;ED3_4;43.3
2008;DK;M;ED5_8;23.9
2008;DK;F;ED0-2;33.7
2008;DK;F;ED3_4;38.1
2008;DK;F;ED5_8;28.2
2008;DE;M;ED0-2;20.5
2008;DE;M;ED3_4;55.4
2008;DE;M;ED5_8;24.1
2008;DE;F;ED0-2;24.1
2008;DE;F;ED3_4;57.3
2008;DE;F;ED5_8;18.6
2008;EE;M;ED0-2;23.1
2008;EE;M;ED3_4;55.5
2008;EE;M;ED5_8;21.4
2008;EE;F;ED0-2;17.8
2008;EE;F;ED3_4;47.4
2008;EE;F;ED5_8;34.8
2008;IE;M;ED0-2;35
2008;IE;M;ED3_4;36.7
2008;IE;M;ED5_8;28.3
2008;IE;F;ED0-2;28.6
2008;IE;F;ED3_4;37.2
2008;IE;F;ED5_8;34.2
2008;EL;M;ED0-2;41.2
2008;EL;M;ED3_4;39.1
2008;EL;M;ED5_8;19.7
2008;EL;F;ED0-2;38.3
2008;EL;F;ED3_4;41.9
2008;EL;F;ED5_8;19.8
2008;ES;M;ED0-2;51.3
2008;ES;M;ED3_4;22.7
2008;ES;M;ED5_8;26
2008;ES;F;ED0-2;48.4
2008;ES;F;ED3_4;23.6
2008;ES;F;ED5_8;28.1
2008;FR;M;ED0-2;32.5
2008;FR;M;ED3_4;44.7
2008;FR;M;ED5_8;22.8
2008;FR;F;ED0-2;33.4
2008;FR;F;ED3_4;39.9
2008;FR;F;ED5_8;26.7
2008;HR;M;ED0-2;22.6
2008;HR;M;ED3_4;64.9
2008;HR;M;ED5_8;12.5
2008;HR;F;ED0-2;29.2
2008;HR;F;ED3_4;56.1
2008;HR;F;ED5_8;14.7
2008;IT;M;ED0-2;49.1
2008;IT;M;ED3_4;39.6
2008;IT;M;ED5_8;11.3
2008;IT;F;ED0-2;46.7
2008;IT;F;ED3_4;39.3
2008;IT;F;ED5_8;14
2008;CY;M;ED0-2;30.1
2008;CY;M;ED3_4;41
2008;CY;M;ED5_8;29
2008;CY;F;ED0-2;30.7
2008;CY;F;ED3_4;36.3
2008;CY;F;ED5_8;33
2008;LV;M;ED0-2;26.8
2008;LV;M;ED3_4;57.9
2008;LV;M;ED5_8;15.3
2008;LV;F;ED0-2;19.1
2008;LV;F;ED3_4;55.2
2008;LV;F;ED5_8;25.7
2008;LT;M;ED0-2;20.6
2008;LT;M;ED3_4;58.7
2008;LT;M;ED5_8;20.7
2008;LT;F;ED0-2;16.6
2008;LT;F;ED3_4;53.8
2008;LT;F;ED5_8;29.6
2008;LU;M;ED0-2;34.4
2008;LU;M;ED3_4;40.6
2008;LU;M;ED5_8;25
2008;LU;F;ED0-2;39.2
2008;LU;F;ED3_4;38.4
2008;LU;F;ED5_8;22.4
2008;HU;M;ED0-2;23.4
2008;HU;M;ED3_4;62
2008;HU;M;ED5_8;14.6
2008;HU;F;ED0-2;28
2008;HU;F;ED3_4;53.9
2008;HU;F;ED5_8;18.1
2008;MT;M;ED0-2;62.9
2008;MT;M;ED3_4;24.5
2008;MT;M;ED5_8;12.6
2008;MT;F;ED0-2;67.4
2008;MT;F;ED3_4;21.1
2008;MT;F;ED5_8;11.5
2008;NL;M;ED0-2;31.8
2008;NL;M;ED3_4;40.9
2008;NL;M;ED5_8;27.3
2008;NL;F;ED0-2;33.8
2008;NL;F;ED3_4;41
2008;NL;F;ED5_8;25.2
2008;AT;M;ED0-2;20.3
2008;AT;M;ED3_4;62.7
2008;AT;M;ED5_8;17
2008;AT;F;ED0-2;28.8
2008;AT;F;ED3_4;58.1
2008;AT;F;ED5_8;13.1
2008;PL;M;ED0-2;19.9
2008;PL;M;ED3_4;66.4
2008;PL;M;ED5_8;13.7
2008;PL;F;ED0-2;19.4
2008;PL;F;ED3_4;61.3
2008;PL;F;ED5_8;19.3
2008;PT;M;ED0-2;73.8
2008;PT;M;ED3_4;16.3
2008;PT;M;ED5_8;9.9
2008;PT;F;ED0-2;67.8
2008;PT;F;ED3_4;16.9
2008;PT;F;ED5_8;15.3
2008;RO;M;ED0-2;26.6
2008;RO;M;ED3_4;62.7
2008;RO;M;ED5_8;10.7
2008;RO;F;ED0-2;33.7
2008;RO;F;ED3_4;55.6
2008;RO;F;ED5_8;10.7
2008;SI;M;ED0-2;20.6
2008;SI;M;ED3_4;63.7
2008;SI;M;ED5_8;15.7
2008;SI;F;ED0-2;23.2
2008;SI;F;ED3_4;54.4
2008;SI;F;ED5_8;22.4
2008;SK;M;ED0-2;15.8
2008;SK;M;ED3_4;72.3
2008;SK;M;ED5_8;11.9
2008;SK;F;ED0-2;19.4
2008;SK;F;ED3_4;67.8
2008;SK;F;ED5_8;12.8
2008;FI;M;ED0-2;27.5
2008;FI;M;ED3_4;46.9
2008;FI;M;ED5_8;25.6
2008;FI;F;ED0-2;22.8
2008;FI;F;ED3_4;42.3
2008;FI;F;ED5_8;34.9
2008;SE;M;ED0-2;26.3
2008;SE;M;ED3_4;50.9
2008;SE;M;ED5_8;22.8
2008;SE;F;ED0-2;26
2008;SE;F;ED3_4;42.9
2008;SE;F;ED5_8;31
2009;BE;M;ED0-2;33.1
2009;BE;M;ED3_4;39.4
2009;BE;M;ED5_8;27.4
2009;BE;F;ED0-2;31.7
2009;BE;F;ED3_4;36.8
2009;BE;F;ED5_8;31.5
2009;BG;M;ED0-2;27.6
2009;BG;M;ED3_4;57.3
2009;BG;M;ED5_8;15
2009;BG;F;ED0-2;27.5
2009;BG;F;ED3_4;49.2
2009;BG;F;ED5_8;23.3
2009;CZ;M;ED0-2;13
2009;CZ;M;ED3_4;73.4
2009;CZ;M;ED5_8;13.7
2009;CZ;F;ED0-2;17.4
2009;CZ;F;ED3_4;69.5
2009;CZ;F;ED5_8;13.1
2009;DK;M;ED0-2;32.2
2009;DK;M;ED3_4;44.2
2009;DK;M;ED5_8;23.6
2009;DK;F;ED0-2;32.6
2009;DK;F;ED3_4;37.7
2009;DK;F;ED5_8;29.7
2009;DE;M;ED0-2;20.3
2009;DE;M;ED3_4;55
2009;DE;M;ED5_8;24.8
2009;DE;F;ED0-2;23.7
2009;DE;F;ED3_4;56.6
2009;DE;F;ED5_8;19.7
2009;EE;M;ED0-2;22.4
2009;EE;M;ED3_4;55.9
2009;EE;M;ED5_8;21.8
2009;EE;F;ED0-2;16.2
2009;EE;F;ED3_4;45.7
2009;EE;F;ED5_8;38.1
2009;IE;M;ED0-2;33.8
2009;IE;M;ED3_4;36.5
2009;IE;M;ED5_8;29.7
2009;IE;F;ED0-2;27.5
2009;IE;F;ED3_4;36.9
2009;IE;F;ED5_8;35.6
2009;EL;M;ED0-2;41.4
2009;EL;M;ED3_4;39
2009;EL;M;ED5_8;19.6
2009;EL;F;ED0-2;37.8
2009;EL;F;ED3_4;41.9
2009;EL;F;ED5_8;20.3
2009;ES;M;ED0-2;51.2
2009;ES;M;ED3_4;22.8
2009;ES;M;ED5_8;26
2009;ES;F;ED0-2;47.7
2009;ES;F;ED3_4;23.5
2009;ES;F;ED5_8;28.8
2009;FR;M;ED0-2;31.9
2009;FR;M;ED3_4;44.1
2009;FR;M;ED5_8;23.9
2009;FR;F;ED0-2;32.8
2009;FR;F;ED3_4;39.5
2009;FR;F;ED5_8;27.7
2009;HR;M;ED0-2;22.2
2009;HR;M;ED3_4;65.2
2009;HR;M;ED5_8;12.6
2009;HR;F;ED0-2;28.5
2009;HR;F;ED3_4;55.1
2009;HR;F;ED5_8;16.4
2009;IT;M;ED0-2;48.2
2009;IT;M;ED3_4;40.5
2009;IT;M;ED5_8;11.3
2009;IT;F;ED0-2;46.1
2009;IT;F;ED3_4;39.7
2009;IT;F;ED5_8;14.3
2009;CY;M;ED0-2;31
2009;CY;M;ED3_4;40.8
2009;CY;M;ED5_8;28.2
2009;CY;F;ED0-2;31.4
2009;CY;F;ED3_4;35.9
2009;CY;F;ED5_8;32.6
2009;LV;M;ED0-2;25.4
2009;LV;M;ED3_4;59.1
2009;LV;M;ED5_8;15.6
2009;LV;F;ED0-2;18
2009;LV;F;ED3_4;55.2
2009;LV;F;ED5_8;26.8
2009;LT;M;ED0-2;20.2
2009;LT;M;ED3_4;59.2
2009;LT;M;ED5_8;20.6
2009;LT;F;ED0-2;16
2009;LT;F;ED3_4;53.9
2009;LT;F;ED5_8;30
2009;LU;M;ED0-2;26.2
2009;LU;M;ED3_4;41.5
2009;LU;M;ED5_8;32.3
2009;LU;F;ED0-2;31
2009;LU;F;ED3_4;41
2009;LU;F;ED5_8;28.1
2009;HU;M;ED0-2;22.9
2009;HU;M;ED3_4;62.4
2009;HU;M;ED5_8;14.7
2009;HU;F;ED0-2;27
2009;HU;F;ED3_4;54
2009;HU;F;ED5_8;19
2009;MT;M;ED0-2;60.3
2009;MT;M;ED3_4;27.5
2009;MT;M;ED5_8;12.2
2009;MT;F;ED0-2;63.7
2009;MT;F;ED3_4;22.8
2009;MT;F;ED5_8;13.4
2009;NL;M;ED0-2;32
2009;NL;M;ED3_4;40.5
2009;NL;M;ED5_8;27.6
2009;NL;F;ED0-2;33.2
2009;NL;F;ED3_4;40.8
2009;NL;F;ED5_8;25.9
2009;AT;M;ED0-2;19.6
2009;AT;M;ED3_4;62.8
2009;AT;M;ED5_8;17.7
2009;AT;F;ED0-2;28
2009;AT;F;ED3_4;57.7
2009;AT;F;ED5_8;14.3
2009;PL;M;ED0-2;19
2009;PL;M;ED3_4;66.2
2009;PL;M;ED5_8;14.8
2009;PL;F;ED0-2;18.4
2009;PL;F;ED3_4;60.4
2009;PL;F;ED5_8;21.3
2009;PT;M;ED0-2;72.1
2009;PT;M;ED3_4;17.4
2009;PT;M;ED5_8;10.5
2009;PT;F;ED0-2;66.5
2009;PT;F;ED3_4;17.9
2009;PT;F;ED5_8;15.6
2009;RO;M;ED0-2;26.9
2009;RO;M;ED3_4;62.3
2009;RO;M;ED5_8;10.9
2009;RO;F;ED0-2;33.5
2009;RO;F;ED3_4;54.9
2009;RO;F;ED5_8;11.6
2009;SI;M;ED0-2;19.6
2009;SI;M;ED3_4;64.6
2009;SI;M;ED5_8;15.8
2009;SI;F;ED0-2;22.1
2009;SI;F;ED3_4;54.2
2009;SI;F;ED5_8;23.6
2009;SK;M;ED0-2;15
2009;SK;M;ED3_4;72.6
2009;SK;M;ED5_8;12.5
2009;SK;F;ED0-2;18
2009;SK;F;ED3_4;67.6
2009;SK;F;ED5_8;14.4
2009;FI;M;ED0-2;26.5
2009;FI;M;ED3_4;47.6
2009;FI;M;ED5_8;25.8
2009;FI;F;ED0-2;22.2
2009;FI;F;ED3_4;41.8
2009;FI;F;ED5_8;36
2009;SE;M;ED0-2;25.6
2009;SE;M;ED3_4;51
2009;SE;M;ED5_8;23.4
2009;SE;F;ED0-2;25.2
2009;SE;F;ED3_4;42.8
2009;SE;F;ED5_8;31.9
2010;BE;M;ED0-2;33.4
2010;BE;M;ED3_4;38
2010;BE;M;ED5_8;28.6
2010;BE;F;ED0-2;31.7
2010;BE;F;ED3_4;35.5
2010;BE;F;ED5_8;32.9
2010;BG;M;ED0-2;25.3
2010;BG;M;ED3_4;59.6
2010;BG;M;ED5_8;15.1
2010;BG;F;ED0-2;25
2010;BG;F;ED3_4;50.6
2010;BG;F;ED5_8;24.4
2010;CZ;M;ED0-2;12.2
2010;CZ;M;ED3_4;73.2
2010;CZ;M;ED5_8;14.7
2010;CZ;F;ED0-2;16.7
2010;CZ;F;ED3_4;68.9
2010;CZ;F;ED5_8;14.4
2010;DK;M;ED0-2;32.3
2010;DK;M;ED3_4;43.4
2010;DK;M;ED5_8;24.4
2010;DK;F;ED0-2;32
2010;DK;F;ED3_4;37.7
2010;DK;F;ED5_8;30.4
2010;DE;M;ED0-2;19.4
2010;DE;M;ED3_4;55.4
2010;DE;M;ED5_8;25.2
2010;DE;F;ED0-2;22.6
2010;DE;F;ED3_4;57.3
2010;DE;F;ED5_8;20.1
2010;EE;M;ED0-2;21.5
2010;EE;M;ED3_4;56.5
2010;EE;M;ED5_8;22
2010;EE;F;ED0-2;15
2010;EE;F;ED3_4;47.3
2010;EE;F;ED5_8;37.7
2010;IE;M;ED0-2;32.8
2010;IE;M;ED3_4;36.6
2010;IE;M;ED5_8;30.6
2010;IE;F;ED0-2;27
2010;IE;F;ED3_4;35.9
2010;IE;F;ED5_8;37.1
2010;EL;M;ED0-2;40.5
2010;EL;M;ED3_4;39.1
2010;EL;M;ED5_8;20.4
2010;EL;F;ED0-2;36.6
2010;EL;F;ED3_4;42
2010;EL;F;ED5_8;21.4
2010;ES;M;ED0-2;50
2010;ES;M;ED3_4;23.3
2010;ES;M;ED5_8;26.7
2010;ES;F;ED0-2;46.2
2010;ES;F;ED3_4;23.6
2010;ES;F;ED5_8;30.2
2010;FR;M;ED0-2;31.4
2010;FR;M;ED3_4;44.1
2010;FR;M;ED5_8;24.4
2010;FR;F;ED0-2;32.4
2010;FR;F;ED3_4;39.7
2010;FR;F;ED5_8;27.9
2010;HR;M;ED0-2;22.1
2010;HR;M;ED3_4;63.7
2010;HR;M;ED5_8;14.2
2010;HR;F;ED0-2;28.7
2010;HR;F;ED3_4;54
2010;HR;F;ED5_8;17.3
2010;IT;M;ED0-2;47.4
2010;IT;M;ED3_4;41
2010;IT;M;ED5_8;11.5
2010;IT;F;ED0-2;45.1
2010;IT;F;ED3_4;40.4
2010;IT;F;ED5_8;14.5
2010;CY;M;ED0-2;29.7
2010;CY;M;ED3_4;40.6
2010;CY;M;ED5_8;29.6
2010;CY;F;ED0-2;29.5
2010;CY;F;ED3_4;36.2
2010;CY;F;ED5_8;34.3
2010;LV;M;ED0-2;23.5
2010;LV;M;ED3_4;59.8
2010;LV;M;ED5_8;16.7
2010;LV;F;ED0-2;15.9
2010;LV;F;ED3_4;56
2010;LV;F;ED5_8;28.1
2010;LT;M;ED0-2;18.9
2010;LT;M;ED3_4;60
2010;LT;M;ED5_8;21.1
2010;LT;F;ED0-2;15.5
2010;LT;F;ED3_4;52.3
2010;LT;F;ED5_8;32.3
2010;LU;M;ED0-2;26.8
2010;LU;M;ED3_4;40.1
2010;LU;M;ED5_8;33
2010;LU;F;ED0-2;31
2010;LU;F;ED3_4;41.5
2010;LU;F;ED5_8;27.5
2010;HU;M;ED0-2;22.5
2010;HU;M;ED3_4;62.7
2010;HU;M;ED5_8;14.8
2010;HU;F;ED0-2;26.3
2010;HU;F;ED3_4;54.4
2010;HU;F;ED5_8;19.3
2010;MT;M;ED0-2;59.1
2010;MT;M;ED3_4;27.2
2010;MT;M;ED5_8;13.6
2010;MT;F;ED0-2;61.5
2010;MT;F;ED3_4;23.9
2010;MT;F;ED5_8;14.7
2010;NL;M;ED0-2;31.1
2010;NL;M;ED3_4;40
2010;NL;M;ED5_8;28.8
2010;NL;F;ED0-2;32.5
2010;NL;F;ED3_4;40.9
2010;NL;F;ED5_8;26.6
2010;AT;M;ED0-2;19.4
2010;AT;M;ED3_4;62.9
2010;AT;M;ED5_8;17.7
2010;AT;F;ED0-2;27
2010;AT;F;ED3_4;58.2
2010;AT;F;ED5_8;14.8
2010;PL;M;ED0-2;18.4
2010;PL;M;ED3_4;65.5
2010;PL;M;ED5_8;16
2010;PL;F;ED0-2;17.6
2010;PL;F;ED3_4;59.6
2010;PL;F;ED5_8;22.8
2010;PT;M;ED0-2;70.7
2010;PT;M;ED3_4;18.4
2010;PT;M;ED5_8;10.9
2010;PT;F;ED0-2;64.1
2010;PT;F;ED3_4;19.2
2010;PT;F;ED5_8;16.8
2010;RO;M;ED0-2;27.1
2010;RO;M;ED3_4;61.1
2010;RO;M;ED5_8;11.8
2010;RO;F;ED0-2;34.1
2010;RO;F;ED3_4;53.9
2010;RO;F;ED5_8;12
2010;SI;M;ED0-2;19.7
2010;SI;M;ED3_4;63.9
2010;SI;M;ED5_8;16.4
2010;SI;F;ED0-2;22.2
2010;SI;F;ED3_4;53.5
2010;SI;F;ED5_8;24.3
2010;SK;M;ED0-2;15
2010;SK;M;ED3_4;71.6
2010;SK;M;ED5_8;13.4
2010;SK;F;ED0-2;17.5
2010;SK;F;ED3_4;65.8
2010;SK;F;ED5_8;16.7
2010;FI;M;ED0-2;25.7
2010;FI;M;ED3_4;47.7
2010;FI;M;ED5_8;26.7
2010;FI;F;ED0-2;21.6
2010;FI;F;ED3_4;41.9
2010;FI;F;ED5_8;36.6
2010;SE;M;ED0-2;25.2
2010;SE;M;ED3_4;50.7
2010;SE;M;ED5_8;24.1
2010;SE;F;ED0-2;24.8
2010;SE;F;ED3_4;42.7
2010;SE;F;ED5_8;32.5
2011;BE;M;ED0-2;33
2011;BE;M;ED3_4;38.9
2011;BE;M;ED5_8;28.1
2011;BE;F;ED0-2;30.7
2011;BE;F;ED3_4;36.5
2011;BE;F;ED5_8;32.7
2011;BG;M;ED0-2;24.1
2011;BG;M;ED3_4;60.3
2011;BG;M;ED5_8;15.6
2011;BG;F;ED0-2;23.9
2011;BG;F;ED3_4;51.5
2011;BG;F;ED5_8;24.6
2011;CZ;M;ED0-2;11.8
2011;CZ;M;ED3_4;72.4
2011;CZ;M;ED5_8;15.7
2011;CZ;F;ED0-2;16
2011;CZ;F;ED3_4;68
2011;CZ;F;ED5_8;16
2011;DK;M;ED0-2;31.3
2011;DK;M;ED3_4;44.4
2011;DK;M;ED5_8;24.3
2011;DK;F;ED0-2;30.4
2011;DK;F;ED3_4;38.2
2011;DK;F;ED5_8;31.4
2011;DE;M;ED0-2;16.4
2011;DE;M;ED3_4;57.2
2011;DE;M;ED5_8;26.4
2011;DE;F;ED0-2;19.7
2011;DE;F;ED3_4;58.1
2011;DE;F;ED5_8;22.2
2011;EE;M;ED0-2;20.6
2011;EE;M;ED3_4;56
2011;EE;M;ED5_8;23.5
2011;EE;F;ED0-2;14.9
2011;EE;F;ED3_4;46.3
2011;EE;F;ED5_8;38.8
2011;IE;M;ED0-2;32
2011;IE;M;ED3_4;36.9
2011;IE;M;ED5_8;31.1
2011;IE;F;ED0-2;26.2
2011;IE;F;ED3_4;36.1
2011;IE;F;ED5_8;37.6
2011;EL;M;ED0-2;39.1
2011;EL;M;ED3_4;39.2
2011;EL;M;ED5_8;21.7
2011;EL;F;ED0-2;35.1
2011;EL;F;ED3_4;42.1
2011;EL;F;ED5_8;22.7
2011;ES;M;ED0-2;49
2011;ES;M;ED3_4;23.4
2011;ES;M;ED5_8;27.5
2011;ES;F;ED0-2;44.9
2011;ES;F;ED3_4;24.1
2011;ES;F;ED5_8;31.1
2011;FR;M;ED0-2;30.8
2011;FR;M;ED3_4;44.2
2011;FR;M;ED5_8;25
2011;FR;F;ED0-2;31.7
2011;FR;F;ED3_4;40
2011;FR;F;ED5_8;28.4
2011;HR;M;ED0-2;21.3
2011;HR;M;ED3_4;64.7
2011;HR;M;ED5_8;14
2011;HR;F;ED0-2;28
2011;HR;F;ED3_4;55.3
2011;HR;F;ED5_8;16.7
2011;IT;M;ED0-2;47
2011;IT;M;ED3_4;41.4
2011;IT;M;ED5_8;11.7
2011;IT;F;ED0-2;44
2011;IT;F;ED3_4;41.4
2011;IT;F;ED5_8;14.6
2011;CY;M;ED0-2;29.2
2011;CY;M;ED3_4;40.6
2011;CY;M;ED5_8;30.2
2011;CY;F;ED0-2;27.5
2011;CY;F;ED3_4;35.5
2011;CY;F;ED5_8;37
2011;LV;M;ED0-2;23.7
2011;LV;M;ED3_4;59.4
2011;LV;M;ED5_8;17
2011;LV;F;ED0-2;15.7
2011;LV;F;ED3_4;54.5
2011;LV;F;ED5_8;29.8
2011;LT;M;ED0-2;17.5
2011;LT;M;ED3_4;60.3
2011;LT;M;ED5_8;22.2
2011;LT;F;ED0-2;14.3
2011;LT;F;ED3_4;52.5
2011;LT;F;ED5_8;33.1
2011;LU;M;ED0-2;27.7
2011;LU;M;ED3_4;38.9
2011;LU;M;ED5_8;33.4
2011;LU;F;ED0-2;30.4
2011;LU;F;ED3_4;39.6
2011;LU;F;ED5_8;29.9
2011;HU;M;ED0-2;22.4
2011;HU;M;ED3_4;61.9
2011;HU;M;ED5_8;15.7
2011;HU;F;ED0-2;26.1
2011;HU;F;ED3_4;53.7
2011;HU;F;ED5_8;20.3
2011;MT;M;ED0-2;58.7
2011;MT;M;ED3_4;26.4
2011;MT;M;ED5_8;15
2011;MT;F;ED0-2;59.1
2011;MT;F;ED3_4;25.7
2011;MT;F;ED5_8;15.3
2011;NL;M;ED0-2;31
2011;NL;M;ED3_4;40.3
2011;NL;M;ED5_8;28.7
2011;NL;F;ED0-2;32.3
2011;NL;F;ED3_4;40.6
2011;NL;F;ED5_8;27.2
2011;AT;M;ED0-2;19.5
2011;AT;M;ED3_4;62.6
2011;AT;M;ED5_8;17.9
2011;AT;F;ED0-2;26.6
2011;AT;F;ED3_4;58.6
2011;AT;F;ED5_8;14.8
2011;PL;M;ED0-2;18
2011;PL;M;ED3_4;65.4
2011;PL;M;ED5_8;16.6
2011;PL;F;ED0-2;17.1
2011;PL;F;ED3_4;59
2011;PL;F;ED5_8;23.9
2011;PT;M;ED0-2;67.6
2011;PT;M;ED3_4;19.7
2011;PT;M;ED5_8;12.7
2011;PT;F;ED0-2;60.9
2011;PT;F;ED3_4;20.9
2011;PT;F;ED5_8;18.3
2011;RO;M;ED0-2;26.8
2011;RO;M;ED3_4;60.7
2011;RO;M;ED5_8;12.6
2011;RO;F;ED0-2;33.1
2011;RO;F;ED3_4;53.7
2011;RO;F;ED5_8;13.2
2011;SI;M;ED0-2;18.6
2011;SI;M;ED3_4;64.1
2011;SI;M;ED5_8;17.3
2011;SI;F;ED0-2;20.9
2011;SI;F;ED3_4;53
2011;SI;F;ED5_8;26.1
2011;SK;M;ED0-2;14.2
2011;SK;M;ED3_4;71.3
2011;SK;M;ED5_8;14.5
2011;SK;F;ED0-2;17.1
2011;SK;F;ED3_4;64.6
2011;SK;F;ED5_8;18.3
2011;FI;M;ED0-2;25.2
2011;FI;M;ED3_4;47.6
2011;FI;M;ED5_8;27.2
2011;FI;F;ED0-2;20.6
2011;FI;F;ED3_4;41.5
2011;FI;F;ED5_8;37.9
2011;SE;M;ED0-2;24.8
2011;SE;M;ED3_4;50.8
2011;SE;M;ED5_8;24.5
2011;SE;F;ED0-2;24
2011;SE;F;ED3_4;42.2
2011;SE;F;ED5_8;33.8
2012;BE;M;ED0-2;32.7
2012;BE;M;ED3_4;38.7
2012;BE;M;ED5_8;28.7
2012;BE;F;ED0-2;30.1
2012;BE;F;ED3_4;36
2012;BE;F;ED5_8;33.9
2012;BG;M;ED0-2;23
2012;BG;M;ED3_4;60.8
2012;BG;M;ED5_8;16.1
2012;BG;F;ED0-2;22.9
2012;BG;F;ED3_4;51.9
2012;BG;F;ED5_8;25.2
2012;CZ;M;ED0-2;11.6
2012;CZ;M;ED3_4;71.9
2012;CZ;M;ED5_8;16.5
2012;CZ;F;ED0-2;15.3
2012;CZ;F;ED3_4;67.2
2012;CZ;F;ED5_8;17.5
2012;DK;M;ED0-2;31.1
2012;DK;M;ED3_4;44.8
2012;DK;M;ED5_8;24.1
2012;DK;F;ED0-2;29
2012;DK;F;ED3_4;38
2012;DK;F;ED5_8;33
2012;DE;M;ED0-2;16.3
2012;DE;M;ED3_4;57
2012;DE;M;ED5_8;26.7
2012;DE;F;ED0-2;19.5
2012;DE;F;ED3_4;57.4
2012;DE;F;ED5_8;23.1
2012;EE;M;ED0-2;19.9
2012;EE;M;ED3_4;55.9
2012;EE;M;ED5_8;24.2
2012;EE;F;ED0-2;13.8
2012;EE;F;ED3_4;46.5
2012;EE;F;ED5_8;39.7
2012;IE;M;ED0-2;30.9
2012;IE;M;ED3_4;36.8
2012;IE;M;ED5_8;32.3
2012;IE;F;ED0-2;25.6
2012;IE;F;ED3_4;35.4
2012;IE;F;ED5_8;39
2012;EL;M;ED0-2;37.7
2012;EL;M;ED3_4;40.1
2012;EL;M;ED5_8;22.2
2012;EL;F;ED0-2;34.1
2012;EL;F;ED3_4;42.4
2012;EL;F;ED5_8;23.5
2012;ES;M;ED0-2;48.6
2012;ES;M;ED3_4;23.2
2012;ES;M;ED5_8;28.2
2012;ES;F;ED0-2;44.2
2012;ES;F;ED3_4;24
2012;ES;F;ED5_8;31.8
2012;FR;M;ED0-2;30.2
2012;FR;M;ED3_4;43.9
2012;FR;M;ED5_8;25.9
2012;FR;F;ED0-2;30.5
2012;FR;F;ED3_4;39.9
2012;FR;F;ED5_8;29.5
2012;HR;M;ED0-2;20.3
2012;HR;M;ED3_4;65.5
2012;HR;M;ED5_8;14.2
2012;HR;F;ED0-2;26
2012;HR;F;ED3_4;56.7
2012;HR;F;ED5_8;17.3
2012;IT;M;ED0-2;46
2012;IT;M;ED3_4;41.8
2012;IT;M;ED5_8;12.1
2012;IT;F;ED0-2;42.5
2012;IT;F;ED3_4;41.9
2012;IT;F;ED5_8;15.6
2012;CY;M;ED0-2;26.4
2012;CY;M;ED3_4;41.4
2012;CY;M;ED5_8;32.2
2012;CY;F;ED0-2;26.4
2012;CY;F;ED3_4;36.1
2012;CY;F;ED5_8;37.5
2012;LV;M;ED0-2;21.5
2012;LV;M;ED3_4;60.5
2012;LV;M;ED5_8;18
2012;LV;F;ED0-2;13.7
2012;LV;F;ED3_4;54.6
2012;LV;F;ED5_8;31.7
2012;LT;M;ED0-2;16.8
2012;LT;M;ED3_4;60.7
2012;LT;M;ED5_8;22.4
2012;LT;F;ED0-2;13.3
2012;LT;F;ED3_4;52.3
2012;LT;F;ED5_8;34.4
2012;LU;M;ED0-2;27.3
2012;LU;M;ED3_4;37.3
2012;LU;M;ED5_8;35.4
2012;LU;F;ED0-2;29.5
2012;LU;F;ED3_4;39.2
2012;LU;F;ED5_8;31.3
2012;HU;M;ED0-2;21.9
2012;HU;M;ED3_4;61.9
2012;HU;M;ED5_8;16.2
2012;HU;F;ED0-2;25
2012;HU;F;ED3_4;53.3
2012;HU;F;ED5_8;21.7
2012;MT;M;ED0-2;56.4
2012;MT;M;ED3_4;27.5
2012;MT;M;ED5_8;16
2012;MT;F;ED0-2;57.4
2012;MT;F;ED3_4;25.5
2012;MT;F;ED5_8;17.1
2012;NL;M;ED0-2;30.3
2012;NL;M;ED3_4;40.6
2012;NL;M;ED5_8;29.1
2012;NL;F;ED0-2;31.2
2012;NL;F;ED3_4;40.7
2012;NL;F;ED5_8;28.1
2012;AT;M;ED0-2;18.8
2012;AT;M;ED3_4;63
2012;AT;M;ED5_8;18.2
2012;AT;F;ED0-2;25.9
2012;AT;F;ED3_4;58.5
2012;AT;F;ED5_8;15.6
2012;PL;M;ED0-2;17.3
2012;PL;M;ED3_4;65.1
2012;PL;M;ED5_8;17.5
2012;PL;F;ED0-2;16.1
2012;PL;F;ED3_4;58.5
2012;PL;F;ED5_8;25.4
2012;PT;M;ED0-2;65.6
2012;PT;M;ED3_4;20.7
2012;PT;M;ED5_8;13.7
2012;PT;F;ED0-2;57.8
2012;PT;F;ED3_4;22.6
2012;PT;F;ED5_8;19.7
2012;RO;M;ED0-2;26.3
2012;RO;M;ED3_4;60.7
2012;RO;M;ED5_8;13
2012;RO;F;ED0-2;32.2
2012;RO;F;ED3_4;53.8
2012;RO;F;ED5_8;14
2012;SI;M;ED0-2;18.4
2012;SI;M;ED3_4;63.5
2012;SI;M;ED5_8;18.2
2012;SI;F;ED0-2;19.8
2012;SI;F;ED3_4;52.2
2012;SI;F;ED5_8;28
2012;SK;M;ED0-2;13.8
2012;SK;M;ED3_4;71.5
2012;SK;M;ED5_8;14.7
2012;SK;F;ED0-2;16.2
2012;SK;F;ED3_4;64.6
2012;SK;F;ED5_8;19.3
2012;FI;M;ED0-2;24
2012;FI;M;ED3_4;48.6
2012;FI;M;ED5_8;27.4
2012;FI;F;ED0-2;19.6
2012;FI;F;ED3_4;42.1
2012;FI;F;ED5_8;38.3
2012;SE;M;ED0-2;24.5
2012;SE;M;ED3_4;50.2
2012;SE;M;ED5_8;25.3
2012;SE;F;ED0-2;23.1
2012;SE;F;ED3_4;41.8
2012;SE;F;ED5_8;35
2013;BE;M;ED0-2;31.8
2013;BE;M;ED3_4;39.5
2013;BE;M;ED5_8;28.8
2013;BE;F;ED0-2;29
2013;BE;F;ED3_4;36.7
2013;BE;F;ED5_8;34.3
2013;BG;M;ED0-2;22.3
2013;BG;M;ED3_4;60.4
2013;BG;M;ED5_8;17.3
2013;BG;F;ED0-2;21.9
2013;BG;F;ED3_4;51
2013;BG;F;ED5_8;27.1
2013;CZ;M;ED0-2;11.4
2013;CZ;M;ED3_4;71.2
2013;CZ;M;ED5_8;17.4
2013;CZ;F;ED0-2;14.4
2013;CZ;F;ED3_4;66.7
2013;CZ;F;ED5_8;18.9
2013;DK;M;ED0-2;31.1
2013;DK;M;ED3_4;44.3
2013;DK;M;ED5_8;24.6
2013;DK;F;ED0-2;28.6
2013;DK;F;ED3_4;38
2013;DK;F;ED5_8;33.4
2013;DE;M;ED0-2;16.2
2013;DE;M;ED3_4;56.9
2013;DE;M;ED5_8;26.8
2013;DE;F;ED0-2;19.1
2013;DE;F;ED3_4;57.3
2013;DE;F;ED5_8;23.6
2013;EE;M;ED0-2;19.2
2013;EE;M;ED3_4;56.8
2013;EE;M;ED5_8;24
2013;EE;F;ED0-2;12.6
2013;EE;F;ED3_4;47.2
2013;EE;F;ED5_8;40.1
2013;IE;M;ED0-2;29.4
2013;IE;M;ED3_4;37
2013;IE;M;ED5_8;33.7
2013;IE;F;ED0-2;23.9
2013;IE;F;ED3_4;35.2
2013;IE;F;ED5_8;40.9
2013;EL;M;ED0-2;36.2
2013;EL;M;ED3_4;40.2
2013;EL;M;ED5_8;23.7
2013;EL;F;ED0-2;32.9
2013;EL;F;ED3_4;42.7
2013;EL;F;ED5_8;24.4
2013;ES;M;ED0-2;48
2013;ES;M;ED3_4;22.9
2013;ES;M;ED5_8;29.1
2013;ES;F;ED0-2;43.2
2013;ES;F;ED3_4;24
2013;ES;F;ED5_8;32.8
2013;FR;M;ED0-2;27.6
2013;FR;M;ED3_4;45.6
2013;FR;M;ED5_8;26.9
2013;FR;F;ED0-2;28.4
2013;FR;F;ED3_4;40.8
2013;FR;F;ED5_8;30.8
2013;HR;M;ED0-2;20
2013;HR;M;ED3_4;64.9
2013;HR;M;ED5_8;15.1
2013;HR;F;ED0-2;24.8
2013;HR;F;ED3_4;56.2
2013;HR;F;ED5_8;19
2013;IT;M;ED0-2;45.2
2013;IT;M;ED3_4;42.2
2013;IT;M;ED5_8;12.6
2013;IT;F;ED0-2;41.6
2013;IT;F;ED3_4;42.1
2013;IT;F;ED5_8;16.2
2013;CY;M;ED0-2;25.9
2013;CY;M;ED3_4;42.1
2013;CY;M;ED5_8;32
2013;CY;F;ED0-2;25
2013;CY;F;ED3_4;36.6
2013;CY;F;ED5_8;38.4
2013;LV;M;ED0-2;20.5
2013;LV;M;ED3_4;59.9
2013;LV;M;ED5_8;19.6
2013;LV;F;ED0-2;13
2013;LV;F;ED3_4;53.2
2013;LV;F;ED5_8;33.8
2013;LT;M;ED0-2;16.1
2013;LT;M;ED3_4;60.2
2013;LT;M;ED5_8;23.7
2013;LT;F;ED0-2;12.8
2013;LT;F;ED3_4;51.7
2013;LT;F;ED5_8;35.5
2013;LU;M;ED0-2;25.7
2013;LU;M;ED3_4;38.5
2013;LU;M;ED5_8;35.8
2013;LU;F;ED0-2;26.7
2013;LU;F;ED3_4;38.7
2013;LU;F;ED5_8;34.6
2013;HU;M;ED0-2;21.2
2013;HU;M;ED3_4;62.2
2013;HU;M;ED5_8;16.6
2013;HU;F;ED0-2;24.3
2013;HU;F;ED3_4;53.5
2013;HU;F;ED5_8;22.3
2013;MT;M;ED0-2;54.3
2013;MT;M;ED3_4;28.7
2013;MT;M;ED5_8;17
2013;MT;F;ED0-2;54.4
2013;MT;F;ED3_4;26.8
2013;MT;F;ED5_8;18.8
2013;NL;M;ED0-2;28.6
2013;NL;M;ED3_4;41.7
2013;NL;M;ED5_8;29.7
2013;NL;F;ED0-2;29.5
2013;NL;F;ED3_4;41.5
2013;NL;F;ED5_8;29
2013;AT;M;ED0-2;18.9
2013;AT;M;ED3_4;62.3
2013;AT;M;ED5_8;18.8
2013;AT;F;ED0-2;25.4
2013;AT;F;ED3_4;58.1
2013;AT;F;ED5_8;16.5
2013;PL;M;ED0-2;16.8
2013;PL;M;ED3_4;64.7
2013;PL;M;ED5_8;18.5
2013;PL;F;ED0-2;15.4
2013;PL;F;ED3_4;57.9
2013;PL;F;ED5_8;26.7
2013;PT;M;ED0-2;63.7
2013;PT;M;ED3_4;22.6
2013;PT;M;ED5_8;13.8
2013;PT;F;ED0-2;55.3
2013;PT;F;ED3_4;23.4
2013;PT;F;ED5_8;21.3
2013;RO;M;ED0-2;26.1
2013;RO;M;ED3_4;60.8
2013;RO;M;ED5_8;13.1
2013;RO;F;ED0-2;31.7
2013;RO;F;ED3_4;53.9
2013;RO;F;ED5_8;14.5
2013;SI;M;ED0-2;17.9
2013;SI;M;ED3_4;62.3
2013;SI;M;ED5_8;19.8
2013;SI;F;ED0-2;19.1
2013;SI;F;ED3_4;51.7
2013;SI;F;ED5_8;29.2
2013;SK;M;ED0-2;13.5
2013;SK;M;ED3_4;70.9
2013;SK;M;ED5_8;15.6
2013;SK;F;ED0-2;16
2013;SK;F;ED3_4;64.2
2013;SK;F;ED5_8;19.9
2013;FI;M;ED0-2;23
2013;FI;M;ED3_4;48.9
2013;FI;M;ED5_8;28.1
2013;FI;F;ED0-2;18.6
2013;FI;F;ED3_4;42.3
2013;FI;F;ED5_8;39.1
2013;SE;M;ED0-2;23.8
2013;SE;M;ED3_4;49.9
2013;SE;M;ED5_8;26.3
2013;SE;F;ED0-2;22
2013;SE;F;ED3_4;41.3
2013;SE;F;ED5_8;36.7
2014;BE;M;ED0-2;30.9
2014;BE;M;ED3_4;39.4
2014;BE;M;ED5_8;29.6
2014;BE;F;ED0-2;28.1
2014;BE;F;ED3_4;36.2
2014;BE;F;ED5_8;35.7
2014;BG;M;ED0-2;23.2
2014;BG;M;ED3_4;58.4
2014;BG;M;ED5_8;18.3
2014;BG;F;ED0-2;22
2014;BG;F;ED3_4;49
2014;BG;F;ED5_8;29
2014;CZ;M;ED0-2;10.9
2014;CZ;M;ED3_4;71
2014;CZ;M;ED5_8;18.1
2014;CZ;F;ED0-2;13.9
2014;CZ;F;ED3_4;66
2014;CZ;F;ED5_8;20.1
2014;DK;M;ED0-2;30.4
2014;DK;M;ED3_4;44.3
2014;DK;M;ED5_8;25.4
2014;DK;F;ED0-2;27
2014;DK;F;ED3_4;39.4
2014;DK;F;ED5_8;33.5
2014;DE;M;ED0-2;18.6
2014;DE;M;ED3_4;55.6
2014;DE;M;ED5_8;25.8
2014;DE;F;ED0-2;20.8
2014;DE;F;ED3_4;58.7
2014;DE;F;ED5_8;20.6
2014;EE;M;ED0-2;22.2
2014;EE;M;ED3_4;53.5
2014;EE;M;ED5_8;24.3
2014;EE;F;ED0-2;13.3
2014;EE;F;ED3_4;46
2014;EE;F;ED5_8;40.7
2014;IE;M;ED0-2;26.7
2014;IE;M;ED3_4;39.1
2014;IE;M;ED5_8;34.2
2014;IE;F;ED0-2;21.2
2014;IE;F;ED3_4;37.1
2014;IE;F;ED5_8;41.6
2014;EL;M;ED0-2;34.7
2014;EL;M;ED3_4;41.3
2014;EL;M;ED5_8;24
2014;EL;F;ED0-2;31.6
2014;EL;F;ED3_4;43.2
2014;EL;F;ED5_8;25.2
2014;ES;M;ED0-2;46.6
2014;ES;M;ED3_4;23.7
2014;ES;M;ED5_8;29.7
2014;ES;F;ED0-2;42.3
2014;ES;F;ED3_4;24
2014;ES;F;ED5_8;33.6
2014;FR;M;ED0-2;26
2014;FR;M;ED3_4;46.5
2014;FR;M;ED5_8;27.5
2014;FR;F;ED0-2;27
2014;FR;F;ED3_4;41.1
2014;FR;F;ED5_8;32
2014;HR;M;ED0-2;18.6
2014;HR;M;ED3_4;64.8
2014;HR;M;ED5_8;16.5
2014;HR;F;ED0-2;23.4
2014;HR;F;ED3_4;56.2
2014;HR;F;ED5_8;20.5
2014;IT;M;ED0-2;44.2
2014;IT;M;ED3_4;42.8
2014;IT;M;ED5_8;13
2014;IT;F;ED0-2;40.5
2014;IT;F;ED3_4;42.6
2014;IT;F;ED5_8;16.9
2014;CY;M;ED0-2;26.9
2014;CY;M;ED3_4;41.1
2014;CY;M;ED5_8;32.1
2014;CY;F;ED0-2;25.3
2014;CY;F;ED3_4;34.3
2014;CY;F;ED5_8;40.4
2014;LV;M;ED0-2;20
2014;LV;M;ED3_4;60.7
2014;LV;M;ED5_8;19.3
2014;LV;F;ED0-2;12.6
2014;LV;F;ED3_4;53.5
2014;LV;F;ED5_8;33.9
2014;LT;M;ED0-2;16.1
2014;LT;M;ED3_4;58.3
2014;LT;M;ED5_8;25.6
2014;LT;F;ED0-2;12.5
2014;LT;F;ED3_4;50.6
2014;LT;F;ED5_8;36.9
2014;LU;M;ED0-2;23.1
2014;LU;M;ED3_4;35.8
2014;LU;M;ED5_8;41.1
2014;LU;F;ED0-2;26.6
2014;LU;F;ED3_4;35.3
2014;LU;F;ED5_8;38.1
2014;HU;M;ED0-2;20.8
2014;HU;M;ED3_4;61.8
2014;HU;M;ED5_8;17.3
2014;HU;F;ED0-2;23.2
2014;HU;F;ED3_4;53.7
2014;HU;F;ED5_8;23.1
2014;MT;M;ED0-2;52.3
2014;MT;M;ED3_4;29
2014;MT;M;ED5_8;18.7
2014;MT;F;ED0-2;52.1
2014;MT;F;ED3_4;27.7
2014;MT;F;ED5_8;20.1
2014;NL;M;ED0-2;28.5
2014;NL;M;ED3_4;42
2014;NL;M;ED5_8;29.5
2014;NL;F;ED0-2;29.2
2014;NL;F;ED3_4;40.8
2014;NL;F;ED5_8;29.9
2014;AT;M;ED0-2;17.3
2014;AT;M;ED3_4;54.7
2014;AT;M;ED5_8;28.1
2014;AT;F;ED0-2;23.2
2014;AT;F;ED3_4;50.1
2014;AT;F;ED5_8;26.7
2014;PL;M;ED0-2;16.2
2014;PL;M;ED3_4;64.4
2014;PL;M;ED5_8;19.5
2014;PL;F;ED0-2;14.9
2014;PL;F;ED3_4;57
2014;PL;F;ED5_8;28.1
2014;PT;M;ED0-2;60.7
2014;PT;M;ED3_4;23.9
2014;PT;M;ED5_8;15.4
2014;PT;F;ED0-2;52.2
2014;PT;F;ED3_4;24
2014;PT;F;ED5_8;23.7
2014;RO;M;ED0-2;29.1
2014;RO;M;ED3_4;57.3
2014;RO;M;ED5_8;13.5
2014;RO;F;ED0-2;33.3
2014;RO;F;ED3_4;51.9
2014;RO;F;ED5_8;14.8
2014;SI;M;ED0-2;17.4
2014;SI;M;ED3_4;62.2
2014;SI;M;ED5_8;20.4
2014;SI;F;ED0-2;19.5
2014;SI;F;ED3_4;50.5
2014;SI;F;ED5_8;30
2014;SK;M;ED0-2;14.1
2014;SK;M;ED3_4;69.9
2014;SK;M;ED5_8;16
2014;SK;F;ED0-2;16.3
2014;SK;F;ED3_4;63.4
2014;SK;F;ED5_8;20.3
2014;FI;M;ED0-2;22.6
2014;FI;M;ED3_4;48.3
2014;FI;M;ED5_8;29.1
2014;FI;F;ED0-2;17.6
2014;FI;F;ED3_4;42.1
2014;FI;F;ED5_8;40.3
2014;SE;M;ED0-2;23.2
2014;SE;M;ED3_4;49.4
2014;SE;M;ED5_8;27.4
2014;SE;F;ED0-2;21.1
2014;SE;F;ED3_4;40.5
2014;SE;F;ED5_8;38.4
2015;BE;M;ED0-2;30
2015;BE;M;ED3_4;40.6
2015;BE;M;ED5_8;29.4
2015;BE;F;ED0-2;27.3
2015;BE;F;ED3_4;36.8
2015;BE;F;ED5_8;35.9
2015;BG;M;ED0-2;22.9
2015;BG;M;ED3_4;58.4
2015;BG;M;ED5_8;18.7
2015;BG;F;ED0-2;21.5
2015;BG;F;ED3_4;48.9
2015;BG;F;ED5_8;29.6
2015;CZ;M;ED0-2;11
2015;CZ;M;ED3_4;70.5
2015;CZ;M;ED5_8;18.5
2015;CZ;F;ED0-2;13.9
2015;CZ;F;ED3_4;65
2015;CZ;F;ED5_8;21.1
2015;DK;M;ED0-2;29.7
2015;DK;M;ED3_4;44.6
2015;DK;M;ED5_8;25.7
2015;DK;F;ED0-2;26.1
2015;DK;F;ED3_4;39.1
2015;DK;F;ED5_8;34.8
2015;DE;M;ED0-2;18.9
2015;DE;M;ED3_4;54.9
2015;DE;M;ED5_8;26.2
2015;DE;F;ED0-2;20.8
2015;DE;F;ED3_4;57.9
2015;DE;F;ED5_8;21.3
2015;EE;M;ED0-2;20.5
2015;EE;M;ED3_4;54.8
2015;EE;M;ED5_8;24.8
2015;EE;F;ED0-2;14.1
2015;EE;F;ED3_4;44.3
2015;EE;F;ED5_8;41.6
2015;IE;M;ED0-2;26
2015;IE;M;ED3_4;39
2015;IE;M;ED5_8;35
2015;IE;F;ED0-2;21
2015;IE;F;ED3_4;36.1
2015;IE;F;ED5_8;42.9
2015;EL;M;ED0-2;33
2015;EL;M;ED3_4;42.8
2015;EL;M;ED5_8;24.3
2015;EL;F;ED0-2;30.1
2015;EL;F;ED3_4;43.3
2015;EL;F;ED5_8;26.6
2015;ES;M;ED0-2;46.1
2015;ES;M;ED3_4;24.3
2015;ES;M;ED5_8;29.6
2015;ES;F;ED0-2;40.9
2015;ES;F;ED3_4;24.5
2015;ES;F;ED5_8;34.6
2015;FR;M;ED0-2;25.7
2015;FR;M;ED3_4;46.3
2015;FR;M;ED5_8;28
2015;FR;F;ED0-2;26.1
2015;FR;F;ED3_4;41
2015;FR;F;ED5_8;32.8
2015;HR;M;ED0-2;17.8
2015;HR;M;ED3_4;65
2015;HR;M;ED5_8;17.1
2015;HR;F;ED0-2;23
2015;HR;F;ED3_4;54.8
2015;HR;F;ED5_8;22.2
2015;IT;M;ED0-2;43.9
2015;IT;M;ED3_4;42.8
2015;IT;M;ED5_8;13.3
2015;IT;F;ED0-2;39.8
2015;IT;F;ED3_4;42.5
2015;IT;F;ED5_8;17.6
2015;CY;M;ED0-2;26.4
2015;CY;M;ED3_4;41.6
2015;CY;M;ED5_8;32.1
2015;CY;F;ED0-2;24.8
2015;CY;F;ED3_4;34.9
2015;CY;F;ED5_8;40.4
2015;LV;M;ED0-2;19.1
2015;LV;M;ED3_4;61.4
2015;LV;M;ED5_8;19.5
2015;LV;F;ED0-2;12.3
2015;LV;F;ED3_4;51.6
2015;LV;F;ED5_8;36.2
2015;LT;M;ED0-2;16
2015;LT;M;ED3_4;57.6
2015;LT;M;ED5_8;26.4
2015;LT;F;ED0-2;11.7
2015;LT;F;ED3_4;48.7
2015;LT;F;ED5_8;39.6
2015;LU;M;ED0-2;30.5
2015;LU;M;ED3_4;34.5
2015;LU;M;ED5_8;35
2015;LU;F;ED0-2;30.1
2015;LU;F;ED3_4;34.5
2015;LU;F;ED5_8;35.5
2015;HU;M;ED0-2;20.8
2015;HU;M;ED3_4;61.3
2015;HU;M;ED5_8;18
2015;HU;F;ED0-2;23
2015;HU;F;ED3_4;53.1
2015;HU;F;ED5_8;23.9
2015;MT;M;ED0-2;51.3
2015;MT;M;ED3_4;30.4
2015;MT;M;ED5_8;18.4
2015;MT;F;ED0-2;49.5
2015;MT;F;ED3_4;29
2015;MT;F;ED5_8;21.6
2015;NL;M;ED0-2;28.3
2015;NL;M;ED3_4;41.4
2015;NL;M;ED5_8;30.3
2015;NL;F;ED0-2;28.5
2015;NL;F;ED3_4;40.8
2015;NL;F;ED5_8;30.7
2015;AT;M;ED0-2;16.6
2015;AT;M;ED3_4;54.8
2015;AT;M;ED5_8;28.6
2015;AT;F;ED0-2;22.5
2015;AT;F;ED3_4;49.8
2015;AT;F;ED5_8;27.7
2015;PL;M;ED0-2;15.9
2015;PL;M;ED3_4;64.3
2015;PL;M;ED5_8;19.8
2015;PL;F;ED0-2;14.6
2015;PL;F;ED3_4;56.3
2015;PL;F;ED5_8;29.1
2015;PT;M;ED0-2;58.1
2015;PT;M;ED3_4;25.3
2015;PT;M;ED5_8;16.6
2015;PT;F;ED0-2;50.9
2015;PT;F;ED3_4;24.5
2015;PT;F;ED5_8;24.6
2015;RO;M;ED0-2;27.4
2015;RO;M;ED3_4;58.3
2015;RO;M;ED5_8;14.2
2015;RO;F;ED0-2;31.4
2015;RO;F;ED3_4;52.8
2015;RO;F;ED5_8;15.8
2015;SI;M;ED0-2;16.7
2015;SI;M;ED3_4;62.1
2015;SI;M;ED5_8;21.3
2015;SI;F;ED0-2;18.3
2015;SI;F;ED3_4;49.5
2015;SI;F;ED5_8;32.3
2015;SK;M;ED0-2;13.6
2015;SK;M;ED3_4;70.2
2015;SK;M;ED5_8;16.3
2015;SK;F;ED0-2;15.6
2015;SK;F;ED3_4;62.9
2015;SK;F;ED5_8;21.5
2015;FI;M;ED0-2;21.5
2015;FI;M;ED3_4;48.6
2015;FI;M;ED5_8;29.8
2015;FI;F;ED0-2;16.8
2015;FI;F;ED3_4;41.9
2015;FI;F;ED5_8;41.3
2015;SE;M;ED0-2;22.8
2015;SE;M;ED3_4;49.2
2015;SE;M;ED5_8;28.1
2015;SE;F;ED0-2;20.4
2015;SE;F;ED3_4;39.5
2015;SE;F;ED5_8;40.1
2016;BE;M;ED0-2;29.3
2016;BE;M;ED3_4;40.8
2016;BE;M;ED5_8;30
2016;BE;F;ED0-2;27.1
2016;BE;F;ED3_4;36.4
2016;BE;F;ED5_8;36.5
2016;BG;M;ED0-2;22.5
2016;BG;M;ED3_4;58.5
2016;BG;M;ED5_8;19
2016;BG;F;ED0-2;21.3
2016;BG;F;ED3_4;48.8
2016;BG;F;ED5_8;29.9
2016;CZ;M;ED0-2;11.1
2016;CZ;M;ED3_4;69.4
2016;CZ;M;ED5_8;19.4
2016;CZ;F;ED0-2;13.6
2016;CZ;F;ED3_4;64.6
2016;CZ;F;ED5_8;21.8
2016;DK;M;ED0-2;29.1
2016;DK;M;ED3_4;43.9
2016;DK;M;ED5_8;27
2016;DK;F;ED0-2;25.5
2016;DK;F;ED3_4;39.5
2016;DK;F;ED5_8;34.9
2016;DE;M;ED0-2;19.1
2016;DE;M;ED3_4;54.1
2016;DE;M;ED5_8;26.8
2016;DE;F;ED0-2;20.6
2016;DE;F;ED3_4;57.4
2016;DE;F;ED5_8;22.1
2016;EE;M;ED0-2;20.4
2016;EE;M;ED3_4;54.2
2016;EE;M;ED5_8;25.4
2016;EE;F;ED0-2;13
2016;EE;F;ED3_4;44.4
2016;EE;F;ED5_8;42.6
2016;IE;M;ED0-2;25.8
2016;IE;M;ED3_4;38.8
2016;IE;M;ED5_8;35.3
2016;IE;F;ED0-2;20.2
2016;IE;F;ED3_4;36.3
2016;IE;F;ED5_8;43.5
2016;EL;M;ED0-2;31.4
2016;EL;M;ED3_4;43.9
2016;EL;M;ED5_8;24.7
2016;EL;F;ED0-2;28.7
2016;EL;F;ED3_4;43.1
2016;EL;F;ED5_8;28.2
2016;ES;M;ED0-2;45.5
2016;ES;M;ED3_4;24.6
2016;ES;M;ED5_8;30
2016;ES;F;ED0-2;39.7
2016;ES;F;ED3_4;24.9
2016;ES;F;ED5_8;35.4
2016;FR;M;ED0-2;25.4
2016;FR;M;ED3_4;46
2016;FR;M;ED5_8;28.6
2016;FR;F;ED0-2;25.4
2016;FR;F;ED3_4;41.3
2016;FR;F;ED5_8;33.2
2016;HR;M;ED0-2;18.3
2016;HR;M;ED3_4;64.3
2016;HR;M;ED5_8;17.4
2016;HR;F;ED0-2;22.9
2016;HR;F;ED3_4;54.6
2016;HR;F;ED5_8;22.6
2016;IT;M;ED0-2;43.7
2016;IT;M;ED3_4;42.9
2016;IT;M;ED5_8;13.4
2016;IT;F;ED0-2;39.5
2016;IT;F;ED3_4;42.6
2016;IT;F;ED5_8;17.9
2016;CY;M;ED0-2;25.4
2016;CY;M;ED3_4;42.3
2016;CY;M;ED5_8;32.3
2016;CY;F;ED0-2;22.8
2016;CY;F;ED3_4;34.7
2016;CY;F;ED5_8;42.5
2016;LV;M;ED0-2;17.9
2016;LV;M;ED3_4;61.2
2016;LV;M;ED5_8;21
2016;LV;F;ED0-2;12.2
2016;LV;F;ED3_4;50.4
2016;LV;F;ED5_8;37.5
2016;LT;M;ED0-2;14.5
2016;LT;M;ED3_4;58.7
2016;LT;M;ED5_8;26.7
2016;LT;F;ED0-2;10.5
2016;LT;F;ED3_4;48.6
2016;LT;F;ED5_8;41
2016;LU;M;ED0-2;27.7
2016;LU;M;ED3_4;35.8
2016;LU;M;ED5_8;36.5
2016;LU;F;ED0-2;28.7
2016;LU;F;ED3_4;35
2016;LU;F;ED5_8;36.4
2016;HU;M;ED0-2;20.6
2016;HU;M;ED3_4;62
2016;HU;M;ED5_8;17.5
2016;HU;F;ED0-2;23
2016;HU;F;ED3_4;53.4
2016;HU;F;ED5_8;23.6
2016;MT;M;ED0-2;49
2016;MT;M;ED3_4;31.9
2016;MT;M;ED5_8;19.1
2016;MT;F;ED0-2;46.6
2016;MT;F;ED3_4;31.6
2016;MT;F;ED5_8;21.7
2016;NL;M;ED0-2;28
2016;NL;M;ED3_4;41.4
2016;NL;M;ED5_8;30.6
2016;NL;F;ED0-2;27.9
2016;NL;F;ED3_4;40.7
2016;NL;F;ED5_8;31.4
2016;AT;M;ED0-2;17
2016;AT;M;ED3_4;54
2016;AT;M;ED5_8;28.9
2016;AT;F;ED0-2;22.1
2016;AT;F;ED3_4;48.9
2016;AT;F;ED5_8;28.9
2016;PL;M;ED0-2;15.2
2016;PL;M;ED3_4;64.5
2016;PL;M;ED5_8;20.3
2016;PL;F;ED0-2;14
2016;PL;F;ED3_4;55.9
2016;PL;F;ED5_8;30.1
2016;PT;M;ED0-2;56.7
2016;PT;M;ED3_4;26
2016;PT;M;ED5_8;17.2
2016;PT;F;ED0-2;49.3
2016;PT;F;ED3_4;25.3
2016;PT;F;ED5_8;25.4
2016;RO;M;ED0-2;26.3
2016;RO;M;ED3_4;59.5
2016;RO;M;ED5_8;14.2
2016;RO;F;ED0-2;29.8
2016;RO;F;ED3_4;54.2
2016;RO;F;ED5_8;16
2016;SI;M;ED0-2;16.4
2016;SI;M;ED3_4;62.2
2016;SI;M;ED5_8;21.4
2016;SI;F;ED0-2;18.1
2016;SI;F;ED3_4;48.7
2016;SI;F;ED5_8;33.2
2016;SK;M;ED0-2;13.4
2016;SK;M;ED3_4;69.8
2016;SK;M;ED5_8;16.8
2016;SK;F;ED0-2;15.1
2016;SK;F;ED3_4;62.2
2016;SK;F;ED5_8;22.7
2016;FI;M;ED0-2;20.7
2016;FI;M;ED3_4;49.3
2016;FI;M;ED5_8;30
2016;FI;F;ED0-2;16.4
2016;FI;F;ED3_4;41.7
2016;FI;F;ED5_8;41.9
2016;SE;M;ED0-2;22
2016;SE;M;ED3_4;48.7
2016;SE;M;ED5_8;29.4
2016;SE;F;ED0-2;20.2
2016;SE;F;ED3_4;38.4
2016;SE;F;ED5_8;41.5
2017;BE;M;ED0-2;28.4
2017;BE;M;ED3_4;39.3
2017;BE;M;ED5_8;32.3
2017;BE;F;ED0-2;26
2017;BE;F;ED3_4;35
2017;BE;F;ED5_8;39
2017;BG;M;ED0-2;21.7
2017;BG;M;ED3_4;59.1
2017;BG;M;ED5_8;19.1
2017;BG;F;ED0-2;21
2017;BG;F;ED3_4;49
2017;BG;F;ED5_8;30.1
2017;CZ;M;ED0-2;11.1
2017;CZ;M;ED3_4;69.2
2017;CZ;M;ED5_8;19.8
2017;CZ;F;ED0-2;13.2
2017;CZ;F;ED3_4;63.7
2017;CZ;F;ED5_8;23.1
2017;DK;M;ED0-2;29
2017;DK;M;ED3_4;43.3
2017;DK;M;ED5_8;27.6
2017;DK;F;ED0-2;24.3
2017;DK;F;ED3_4;39
2017;DK;F;ED5_8;36.7
2017;DE;M;ED0-2;19.4
2017;DE;M;ED3_4;53.8
2017;DE;M;ED5_8;26.9
2017;DE;F;ED0-2;20.3
2017;DE;F;ED3_4;57.2
2017;DE;F;ED5_8;22.6
2017;EE;M;ED0-2;20.5
2017;EE;M;ED3_4;53.7
2017;EE;M;ED5_8;25.9
2017;EE;F;ED0-2;13.3
2017;EE;F;ED3_4;43.3
2017;EE;F;ED5_8;43.5
2017;IE;M;ED0-2;24.6
2017;IE;M;ED3_4;38.5
2017;IE;M;ED5_8;36.9
2017;IE;F;ED0-2;19.1
2017;IE;F;ED3_4;37
2017;IE;F;ED5_8;43.9
2017;EL;M;ED0-2;30.4
2017;EL;M;ED3_4;44.3
2017;EL;M;ED5_8;25.3
2017;EL;F;ED0-2;28.2
2017;EL;F;ED3_4;42.9
2017;EL;F;ED5_8;29
2017;ES;M;ED0-2;44.7
2017;ES;M;ED3_4;24.7
2017;ES;M;ED5_8;30.6
2017;ES;F;ED0-2;39
2017;ES;F;ED3_4;25.2
2017;ES;F;ED5_8;35.8
2017;FR;M;ED0-2;25.1
2017;FR;M;ED3_4;45.8
2017;FR;M;ED5_8;29
2017;FR;F;ED0-2;25.3
2017;FR;F;ED3_4;41
2017;FR;F;ED5_8;33.7
2017;HR;M;ED0-2;18.1
2017;HR;M;ED3_4;64.2
2017;HR;M;ED5_8;17.7
2017;HR;F;ED0-2;21.7
2017;HR;F;ED3_4;54.9
2017;HR;F;ED5_8;23.4
2017;IT;M;ED0-2;43.1
2017;IT;M;ED3_4;43
2017;IT;M;ED5_8;13.9
2017;IT;F;ED0-2;38.6
2017;IT;F;ED3_4;42.2
2017;IT;F;ED5_8;19.1
2017;CY;M;ED0-2;23.6
2017;CY;M;ED3_4;43.3
2017;CY;M;ED5_8;33.1
2017;CY;F;ED0-2;22.2
2017;CY;F;ED3_4;34.9
2017;CY;F;ED5_8;42.8
2017;LV;M;ED0-2;18.4
2017;LV;M;ED3_4;59.7
2017;LV;M;ED5_8;21.9
2017;LV;F;ED0-2;12.3
2017;LV;F;ED3_4;50.1
2017;LV;F;ED5_8;37.6
2017;LT;M;ED0-2;14.1
2017;LT;M;ED3_4;58.2
2017;LT;M;ED5_8;27.7
2017;LT;F;ED0-2;10.1
2017;LT;F;ED3_4;48.4
2017;LT;F;ED5_8;41.5
2017;LU;M;ED0-2;30.5
2017;LU;M;ED3_4;36.4
2017;LU;M;ED5_8;33.1
2017;LU;F;ED0-2;30.5
2017;LU;F;ED3_4;34.4
2017;LU;F;ED5_8;35.1
2017;HU;M;ED0-2;19.6
2017;HU;M;ED3_4;62.4
2017;HU;M;ED5_8;18
2017;HU;F;ED0-2;22.5
2017;HU;F;ED3_4;53.8
2017;HU;F;ED5_8;23.7
2017;MT;M;ED0-2;46.3
2017;MT;M;ED3_4;32.3
2017;MT;M;ED5_8;21.5
2017;MT;F;ED0-2;44.9
2017;MT;F;ED3_4;32.4
2017;MT;F;ED5_8;22.8
2017;NL;M;ED0-2;27
2017;NL;M;ED3_4;41.7
2017;NL;M;ED5_8;31.3
2017;NL;F;ED0-2;26.2
2017;NL;F;ED3_4;40.9
2017;NL;F;ED5_8;32.9
2017;AT;M;ED0-2;17.2
2017;AT;M;ED3_4;53.3
2017;AT;M;ED5_8;29.5
2017;AT;F;ED0-2;21.4
2017;AT;F;ED3_4;48.6
2017;AT;F;ED5_8;29.9
2017;PL;M;ED0-2;14.5
2017;PL;M;ED3_4;64.3
2017;PL;M;ED5_8;21.2
2017;PL;F;ED0-2;13.3
2017;PL;F;ED3_4;55.3
2017;PL;F;ED5_8;31.4
2017;PT;M;ED0-2;56.1
2017;PT;M;ED3_4;26.8
2017;PT;M;ED5_8;17
2017;PT;F;ED0-2;47.5
2017;PT;F;ED3_4;26.4
2017;PT;F;ED5_8;26.1
2017;RO;M;ED0-2;25.5
2017;RO;M;ED3_4;60.3
2017;RO;M;ED5_8;14.2
2017;RO;F;ED0-2;28.4
2017;RO;F;ED3_4;55.1
2017;RO;F;ED5_8;16.5
2017;SI;M;ED0-2;16.1
2017;SI;M;ED3_4;61.2
2017;SI;M;ED5_8;22.7
2017;SI;F;ED0-2;17.4
2017;SI;F;ED3_4;47.7
2017;SI;F;ED5_8;34.9
2017;SK;M;ED0-2;13.8
2017;SK;M;ED3_4;68.6
2017;SK;M;ED5_8;17.6
2017;SK;F;ED0-2;15.7
2017;SK;F;ED3_4;60.4
2017;SK;F;ED5_8;23.9
2017;FI;M;ED0-2;20.9
2017;FI;M;ED3_4;49
2017;FI;M;ED5_8;30.1
2017;FI;F;ED0-2;15.8
2017;FI;F;ED3_4;41.3
2017;FI;F;ED5_8;42.9
2017;SE;M;ED0-2;22
2017;SE;M;ED3_4;47.8
2017;SE;M;ED5_8;30.2
2017;SE;F;ED0-2;20.2
2017;SE;F;ED3_4;37.8
2017;SE;F;ED5_8;41.9
2018;BE;M;ED0-2;27.6
2018;BE;M;ED3_4;40.2
2018;BE;M;ED5_8;32.3
2018;BE;F;ED0-2;25.1
2018;BE;F;ED3_4;35.2
2018;BE;F;ED5_8;39.7
2018;BG;M;ED0-2;22.2
2018;BG;M;ED3_4;58.3
2018;BG;M;ED5_8;19.5
2018;BG;F;ED0-2;20.9
2018;BG;F;ED3_4;48.9
2018;BG;F;ED5_8;30.3
2018;CZ;M;ED0-2;11.2
2018;CZ;M;ED3_4;68.9
2018;CZ;M;ED5_8;19.9
2018;CZ;F;ED0-2;13
2018;CZ;F;ED3_4;63.4
2018;CZ;F;ED5_8;23.6
2018;DK;M;ED0-2;29.2
2018;DK;M;ED3_4;43.2
2018;DK;M;ED5_8;27.6
2018;DK;F;ED0-2;24
2018;DK;F;ED3_4;38.7
2018;DK;F;ED5_8;37.2
2018;DE;M;ED0-2;19.3
2018;DE;M;ED3_4;53.6
2018;DE;M;ED5_8;27.1
2018;DE;F;ED0-2;20
2018;DE;F;ED3_4;56.8
2018;DE;F;ED5_8;23.2
2018;EE;M;ED0-2;20.3
2018;EE;M;ED3_4;52.9
2018;EE;M;ED5_8;26.8
2018;EE;F;ED0-2;13.3
2018;EE;F;ED3_4;41.8
2018;EE;F;ED5_8;44.9
2018;IE;M;ED0-2;24
2018;IE;M;ED3_4;39.3
2018;IE;M;ED5_8;36.7
2018;IE;F;ED0-2;19
2018;IE;F;ED3_4;36.8
2018;IE;F;ED5_8;44.2
2018;EL;M;ED0-2;29.5
2018;EL;M;ED3_4;44.3
2018;EL;M;ED5_8;26.1
2018;EL;F;ED0-2;27.9
2018;EL;F;ED3_4;43
2018;EL;F;ED5_8;29.2
2018;ES;M;ED0-2;44
2018;ES;M;ED3_4;24.6
2018;ES;M;ED5_8;31.4
2018;ES;F;ED0-2;37.7
2018;ES;F;ED3_4;25.7
2018;ES;F;ED5_8;36.6
2018;FR;M;ED0-2;24.6
2018;FR;M;ED3_4;45.3
2018;FR;M;ED5_8;30.1
2018;FR;F;ED0-2;24.3
2018;FR;F;ED3_4;40.4
2018;FR;F;ED5_8;35.3
2018;HR;M;ED0-2;17.2
2018;HR;M;ED3_4;63.8
2018;HR;M;ED5_8;19
2018;HR;F;ED0-2;20.2
2018;HR;F;ED3_4;54.8
2018;HR;F;ED5_8;25
2018;IT;M;ED0-2;42.4
2018;IT;M;ED3_4;43.1
2018;IT;M;ED5_8;14.5
2018;IT;F;ED0-2;38.2
2018;IT;F;ED3_4;42.1
2018;IT;F;ED5_8;19.7
2018;CY;M;ED0-2;23.2
2018;CY;M;ED3_4;42.6
2018;CY;M;ED5_8;34.2
2018;CY;F;ED0-2;20.6
2018;CY;F;ED3_4;35
2018;CY;F;ED5_8;44.4
2018;LV;M;ED0-2;18.4
2018;LV;M;ED3_4;59.7
2018;LV;M;ED5_8;21.9
2018;LV;F;ED0-2;12.3
2018;LV;F;ED3_4;49.9
2018;LV;F;ED5_8;37.7
2018;LT;M;ED0-2;13.5
2018;LT;M;ED3_4;57.5
2018;LT;M;ED5_8;29
2018;LT;F;ED0-2;9.9
2018;LT;F;ED3_4;47.3
2018;LT;F;ED5_8;42.8
2018;LU;M;ED0-2;27.8
2018;LU;M;ED3_4;34.9
2018;LU;M;ED5_8;37.2
2018;LU;F;ED0-2;27.3
2018;LU;F;ED3_4;33.3
2018;LU;F;ED5_8;39.4
2018;HU;M;ED0-2;19.2
2018;HU;M;ED3_4;62.3
2018;HU;M;ED5_8;18.6
2018;HU;F;ED0-2;21.3
2018;HU;F;ED3_4;53.9
2018;HU;F;ED5_8;24.8
2018;MT;M;ED0-2;43.1
2018;MT;M;ED3_4;33.6
2018;MT;M;ED5_8;23.3
2018;MT;F;ED0-2;42.7
2018;MT;F;ED3_4;31.2
2018;MT;F;ED5_8;26
2018;NL;M;ED0-2;26.4
2018;NL;M;ED3_4;41.5
2018;NL;M;ED5_8;32.1
2018;NL;F;ED0-2;25.7
2018;NL;F;ED3_4;40.4
2018;NL;F;ED5_8;34
2018;AT;M;ED0-2;16.6
2018;AT;M;ED3_4;53
2018;AT;M;ED5_8;30.4
2018;AT;F;ED0-2;21.1
2018;AT;F;ED3_4;49.1
2018;AT;F;ED5_8;29.8
2018;PL;M;ED0-2;14.1
2018;PL;M;ED3_4;64
2018;PL;M;ED5_8;21.9
2018;PL;F;ED0-2;12.8
2018;PL;F;ED3_4;54.6
2018;PL;F;ED5_8;32.6
2018;PT;M;ED0-2;54.7
2018;PT;M;ED3_4;27.8
2018;PT;M;ED5_8;17.5
2018;PT;F;ED0-2;45.3
2018;PT;F;ED3_4;27.4
2018;PT;F;ED5_8;27.2
2018;RO;M;ED0-2;25
2018;RO;M;ED3_4;60.7
2018;RO;M;ED5_8;14.3
2018;RO;F;ED0-2;27.6
2018;RO;F;ED3_4;55.7
2018;RO;F;ED5_8;16.7
2018;SI;M;ED0-2;16
2018;SI;M;ED3_4;60.7
2018;SI;M;ED5_8;23.3
2018;SI;F;ED0-2;16.9
2018;SI;F;ED3_4;48.7
2018;SI;F;ED5_8;34.5
2018;SK;M;ED0-2;13.7
2018;SK;M;ED3_4;67.7
2018;SK;M;ED5_8;18.7
2018;SK;F;ED0-2;15.2
2018;SK;F;ED3_4;59.4
2018;SK;F;ED5_8;25.5
2018;FI;M;ED0-2;20.2
2018;FI;M;ED3_4;49.1
2018;FI;M;ED5_8;30.7
2018;FI;F;ED0-2;15.1
2018;FI;F;ED3_4;40.9
2018;FI;F;ED5_8;44
2018;SE;M;ED0-2;22.3
2018;SE;M;ED3_4;46.6
2018;SE;M;ED5_8;31.1
2018;SE;F;ED0-2;19.6
2018;SE;F;ED3_4;37.1
2018;SE;F;ED5_8;43.3
2019;BE;M;ED0-2;27.7
2019;BE;M;ED3_4;40.3
2019;BE;M;ED5_8;32.1
2019;BE;F;ED0-2;24
2019;BE;F;ED3_4;35.9
2019;BE;F;ED5_8;40
2019;BG;M;ED0-2;22.3
2019;BG;M;ED3_4;58.2
2019;BG;M;ED5_8;19.5
2019;BG;F;ED0-2;21.4
2019;BG;F;ED3_4;48.6
2019;BG;F;ED5_8;30
2019;CZ;M;ED0-2;11.6
2019;CZ;M;ED3_4;68.6
2019;CZ;M;ED5_8;19.8
2019;CZ;F;ED0-2;13.1
2019;CZ;F;ED3_4;63.5
2019;CZ;F;ED5_8;23.4
2019;DK;M;ED0-2;28.3
2019;DK;M;ED3_4;43.1
2019;DK;M;ED5_8;28.5
2019;DK;F;ED0-2;23.9
2019;DK;F;ED3_4;38.4
2019;DK;F;ED5_8;37.7
2019;DE;M;ED0-2;19.2
2019;DE;M;ED3_4;52.9
2019;DE;M;ED5_8;27.9
2019;DE;F;ED0-2;19.9
2019;DE;F;ED3_4;56.1
2019;DE;F;ED5_8;24
2019;EE;M;ED0-2;18.6
2019;EE;M;ED3_4;54.1
2019;EE;M;ED5_8;27.3
2019;EE;F;ED0-2;13
2019;EE;F;ED3_4;41.4
2019;EE;F;ED5_8;45.6
2019;IE;M;ED0-2;23.4
2019;IE;M;ED3_4;39.4
2019;IE;M;ED5_8;37.2
2019;IE;F;ED0-2;18.7
2019;IE;F;ED3_4;37.2
2019;IE;F;ED5_8;44.1
2019;EL;M;ED0-2;25.8
2019;EL;M;ED3_4;48.3
2019;EL;M;ED5_8;25.9
2019;EL;F;ED0-2;26
2019;EL;F;ED3_4;44.4
2019;EL;F;ED5_8;29.5
2019;ES;M;ED0-2;43
2019;ES;M;ED3_4;24.7
2019;ES;M;ED5_8;32.3
2019;ES;F;ED0-2;36.3
2019;ES;F;ED3_4;25.8
2019;ES;F;ED5_8;37.9
2019;FR;M;ED0-2;24
2019;FR;M;ED3_4;45.1
2019;FR;M;ED5_8;30.9
2019;FR;F;ED0-2;22.9
2019;FR;F;ED3_4;40.7
2019;FR;F;ED5_8;36.3
2019;HR;M;ED0-2;16.3
2019;HR;M;ED3_4;65.3
2019;HR;M;ED5_8;18.4
2019;HR;F;ED0-2;19.9
2019;HR;F;ED3_4;54.4
2019;HR;F;ED5_8;25.7
2019;IT;M;ED0-2;42.1
2019;IT;M;ED3_4;43.1
2019;IT;M;ED5_8;14.7
2019;IT;F;ED0-2;37.5
2019;IT;F;ED3_4;42.4
2019;IT;F;ED5_8;20.1
2019;CY;M;ED0-2;23
2019;CY;M;ED3_4;42.8
2019;CY;M;ED5_8;34.2
2019;CY;F;ED0-2;20
2019;CY;F;ED3_4;34.5
2019;CY;F;ED5_8;45.5
2019;LV;M;ED0-2;17.6
2019;LV;M;ED3_4;58.8
2019;LV;M;ED5_8;23.6
2019;LV;F;ED0-2;12.3
2019;LV;F;ED3_4;49
2019;LV;F;ED5_8;38.7
2019;LT;M;ED0-2;12.8
2019;LT;M;ED3_4;56.3
2019;LT;M;ED5_8;30.8
2019;LT;F;ED0-2;9.5
2019;LT;F;ED3_4;45.8
2019;LT;F;ED5_8;44.7
2019;LU;M;ED0-2;26.3
2019;LU;M;ED3_4;33.9
2019;LU;M;ED5_8;39.9
2019;LU;F;ED0-2;27.2
2019;LU;F;ED3_4;30.6
2019;LU;F;ED5_8;42.2
2019;HU;M;ED0-2;19.1
2019;HU;M;ED3_4;62.4
2019;HU;M;ED5_8;18.5
2019;HU;F;ED0-2;20.8
2019;HU;F;ED3_4;52.8
2019;HU;F;ED5_8;26.4
2019;MT;M;ED0-2;42.2
2019;MT;M;ED3_4;33.5
2019;MT;M;ED5_8;24.3
2019;MT;F;ED0-2;40.3
2019;MT;F;ED3_4;30.5
2019;MT;F;ED5_8;29.3
2019;NL;M;ED0-2;26
2019;NL;M;ED3_4;40.1
2019;NL;M;ED5_8;33.9
2019;NL;F;ED0-2;25.1
2019;NL;F;ED3_4;39.4
2019;NL;F;ED5_8;35.6
2019;AT;M;ED0-2;16.9
2019;AT;M;ED3_4;52
2019;AT;M;ED5_8;31.1
2019;AT;F;ED0-2;20.5
2019;AT;F;ED3_4;48.3
2019;AT;F;ED5_8;31.1
2019;PL;M;ED0-2;14.1
2019;PL;M;ED3_4;63
2019;PL;M;ED5_8;22.8
2019;PL;F;ED0-2;12.5
2019;PL;F;ED3_4;53.9
2019;PL;F;ED5_8;33.6
2019;PT;M;ED0-2;51.9
2019;PT;M;ED3_4;29
2019;PT;M;ED5_8;19.2
2019;PT;F;ED0-2;43.6
2019;PT;F;ED3_4;28.4
2019;PT;F;ED5_8;28
2019;RO;M;ED0-2;23.9
2019;RO;M;ED3_4;61.3
2019;RO;M;ED5_8;14.8
2019;RO;F;ED0-2;26.3
2019;RO;F;ED3_4;56.4
2019;RO;F;ED5_8;17.3
2019;SI;M;ED0-2;15.5
2019;SI;M;ED3_4;60.9
2019;SI;M;ED5_8;23.6
2019;SI;F;ED0-2;16.1
2019;SI;F;ED3_4;48.5
2019;SI;F;ED5_8;35.4
2019;SK;M;ED0-2;14
2019;SK;M;ED3_4;66.7
2019;SK;M;ED5_8;19.3
2019;SK;F;ED0-2;15
2019;SK;F;ED3_4;57.9
2019;SK;F;ED5_8;27
2019;FI;M;ED0-2;18.9
2019;FI;M;ED3_4;48.8
2019;FI;M;ED5_8;32.3
2019;FI;F;ED0-2;14.9
2019;FI;F;ED3_4;40.2
2019;FI;F;ED5_8;44.9
2019;SE;M;ED0-2;22.3
2019;SE;M;ED3_4;46.2
2019;SE;M;ED5_8;31.4
2019;SE;F;ED0-2;19.1
2019;SE;F;ED3_4;36.4
2019;SE;F;ED5_8;44.5
